char,ID,Traditional,Level,WritingFreq,SpeakingFreq
的,1,的,1,40289,43113
是,2,是,1,15019,23520
一,3,一,1,16218,17583
個,4,個,1,6511,13886
我,5,我,1,11260,19178
有,6,有,1,9868,13459
不,7,不,1,12381,11496
也,8,也,1,4277,5017
們,9,們,1,5759,12063
你,10,你,1,4021,6673
都,11,都,1,3083,4817
說,12,說,1,4773,5478
要,13,要,1,4559,7985
人,14,人,1,9577,6851
對,15,對,1,3601,4994
很,16,很,1,2335,5619
來,17,來,1,6026,9074
和,18,和,1,3793,1636
她,19,她,1,3052,1669
好,20,好,1,2789,6060
以,21,以,1,5037,8689
年,22,年,1,3252,3635
到,23,到,1,5754,6949
沒,24,沒,1,2614,3630
大,25,大,1,5469,6140
去,26,去,1,2486,4002
他,27,他,1,9004,6508
做,28,做,1,1623,3024
看,29,看,1,2610,4194
兩,30,兩,1,1519,1365
後,31,後,1,3500,4810
什,32,什,1,1413,2339
麼,33,麼,1,2631,4938
時,34,時,1,4965,5039
候,35,候,1,744,3024
台,36,台/臺,1,837,1675
臺,36,台/臺,1,837,1675
多,37,多,1,2774,4073
用,38,用,1,2429,2909
想,39,想,1,2497,2440
現,40,現,1,2233,2830
天,41,天,1,2519,3034
前,42,前,1,1955,1772
可,43,可,1,4226,5726
能,44,能,1,3777,3662
月,45,月,1,891,833
小,46,小,1,2483,2805
知,47,知,1,1871,1408
道,48,道,1,2349,1864
家,49,家,1,3026,4161
嗎,50,嗎,1,606,1171
問,51,問,1,1565,1256
新,52,新,1,1171,1008
給,53,給,1,1119,1294
呢,54,呢,1,511,1191
三,55,三,1,1834,1217
位,56,位,1,1282,1088
吃,57,吃,1,632,1413
元,58,元,1,514,278
工,59,工,1,1251,1616
日,60,日,1,1372,773
子,61,子,1,4259,3724
歲,62,歲,1,412,385
灣,63,灣,1,382,1050
太,64,太,1,1469,1149
東,65,東,1,885,1286
西,66,西,1,1127,1407
媽,67,媽,1,514,1766
老,68,老,1,1472,1717
師,69,師,1,835,1726
怎,70,怎,1,561,1381
幾,71,幾,1,1048,888
高,72,高,1,1390,1387
妳,73,妳,1,301,1161
學,74,學,1,3074,2471
生,75,生,1,4305,4125
美,76,美,1,1162,1217
國,77,國,1,2757,3093
今,78,今,1,554,1076
本,79,本,1,1832,1440
中,80,中,1,4383,2600
水,81,水,1,951,2442
書,82,書,1,1133,665
吧,83,吧,1,466,498
愛,84,愛,1,889,821
帶,85,帶,1,764,963
起,86,起,1,2131,1993
請,87,請,1,499,546
走,88,走,1,1074,859
二,89,二,1,1758,882
喜,90,喜,1,589,538
歡,91,歡,1,464,640
外,92,外,1,1366,1453
點,93,點,1,1557,1814
話,94,話,1,1290,1462
四,95,四,1,1141,688
昨,96,昨,1,56,60
校,97,校,1,380,484
找,98,找,1,671,577
叫,99,叫,1,582,634
分,100,分,1,1887,1845
爸,101,爸,1,274,1017
朋,102,朋,1,362,690
友,103,友,1,535,874
寫,104,寫,1,635,423
聽,105,聽,1,985,650
買,106,買,1,288,380
五,107,五,1,1109,648
先,108,先,1,1287,960
半,109,半,1,449,388
錢,110,錢,1,418,509
您,111,您,1,224,510
車,112,車,1,773,715
誰,113,誰,1,293,189
打,114,打,1,1078,804
拿,115,拿,1,421,522
路,116,路,1,787,744
快,117,快,1,719,840
哪,118,哪,1,372,518
十,119,十,1,2241,1281
謝,120,謝,1,233,933
坐,121,坐,1,416,221
少,122,少,1,883,887
久,123,久,1,395,293
字,124,字,1,642,353
六,125,六,1,739,406
喝,126,喝,1,209,239
裡,127,裡/裏,1,2377,3126
裏,127,裡/裏,1,2377,3126
兒,128,兒,1,1198,508
同,129,同,1,1896,1301
早,130,早,1,542,526
女,131,女,1,1289,505
七,132,七,1,647,318
晚,133,晚,1,379,270
上,134,上,1,5321,4322
八,135,八,1,766,383
英,136,英,1,402,308
下,137,下,1,3238,3347
午,138,午,1,162,128
茶,139,茶,1,138,600
姐,140,姐,1,273,71
電,141,電,1,974,971
百,142,百,1,765,646
手,143,手,1,1489,1037
機,144,機,1,1062,1293
名,145,名,1,1080,569
號,146,號,1,279,341
哥,147,哥,1,305,353
法,148,法,1,2010,1582
千,149,千,1,420,454
九,150,九,1,1027,227
咖,151,咖,1,67,106
啡,152,啡,1,63,95
妹,153,妹,1,187,170
飯,154,飯,1,203,254
弟,155,弟,1,306,219
明,156,明,1,1369,816
覺,157,覺,1,1129,2274
再,158,再,1,1158,1372
見,159,見,1,1334,505
姓,160,姓,1,147,50
星,161,星,1,357,201
期,162,期,1,863,732
安,163,安,1,901,722
又,164,又,1*,1436,993
口,165,口,1*,849,530
山,166,山,1*,938,911
己,167,己,1*,1888,1562
公,168,公,1*,1497,1137
心,169,心,1*,2896,2373
文,170,文,1*,1372,822
方,171,方,1*,2223,2251
比,172,比,1*,1258,2260
火,173,火,1*,378,447
牛,174,牛,1*,221,146
王,175,王,1*,848,334
出,176,出,1*,3762,2530
包,177,包,1*,480,571
句,178,句,1*,280,195
只,179,只,1*,1917,1473
右,180,右,1*,218,183
奶,181,奶,1*,144,140
它,182,它,1*,1051,3701
左,183,左,1*,239,169
白,184,白,1*,839,466
件,185,件,1*,724,518
休,186,休,1*,196,177
共,187,共,1*,405,339
因,188,因,1*,2341,3446
在,189,在,1*,9740,10280
地,190,地,1*,3433,3608
自,191,自,1*,3744,2738
衣,192,衣,1*,285,287
住,193,住,1*,711,521
別,194,別,1*,1018,887
每,195,每,1*,934,1189
男,196,男,1*,497,160
那,197,那,1*,2986,7117
事,198,事,1*,2884,1901
些,199,些,1*,1995,2503
店,200,店,1*,261,127
念,201,念,1*,475,468
房,202,房,1*,488,310
所,203,所,1*,2705,4609
服,204,服,1*,556,476
杯,205,杯,1*,100,106
果,206,果,1*,1623,1945
枝,207,枝,1*,88,66
玩,208,玩,1*,276,345
空,209,空,1*,572,557
花,210,花,1*,703,729
長,211,長,1*,1669,1512
門,212,門,1*,863,375
雨,213,雨,1*,168,533
非,214,非,1*,891,1278
室,215,室,1*,344,272
為,216,為,1*,5510,5496
紅,217,紅,1*,353,338
面,218,面,1*,1881,3120
風,219,風,1*,598,887
飛,220,飛,1*,367,191
息,221,息,1*,380,237
氣,222,氣,1*,1065,1323
真,223,真/眞,1*,1224,1730
眞,223,真/眞,1*,1224,1730
馬,224,馬,1*,864,621
唸,225,唸,1*,43,76
夠,226,夠,1*,409,964
常,227,常,1*,1545,2330
張,228,張,1*,752,425
得,229,得,1*,3663,3765
從,230,從,1*,1814,1623
教,231,教,1*,1226,1281
這,232,這,1*,7779,15333
就,233,就,1*,4932,11918
最,234,最,1*,1863,2115
短,235,短,1*,195,146
開,236,開,1*,2140,2258
黑,237,黑,1*,366,238
塊,238,塊,1*,209,436
會,239,會,1*,4808,6830
跟,240,跟,1*,728,2671
過,241,過,1*,3355,3330
樂,242,樂,1*,682,473
樣,243,樣,1*,1963,4443
頭,244,頭,1*,1539,855
還,245,還,1*,2108,3489
鐘,246,鐘,1*,229,138
了,247,了,2,9197,8762
讓,248,讓,2,1428,1885
把,249,把,2,1851,1906
刀,250,刀,2,148,94
已,251,已,2,1354,1261
才,252,才,2,1220,1166
化,253,化,2,1035,1254
片,254,片,2,505,437
冬,255,冬,2,84,192
功,256,功,2,590,400
加,257,加,2,1009,1161
北,258,北,2,511,747
司,259,司,2,667,154
市,260,市,2,486,489
平,261,平,2,758,841
末,262,末,2,108,65
正,263,正,2,1568,841
瓜,264,瓜,2,74,189
交,265,交,2,515,375
全,266,全,2,1277,1516
冰,267,冰,2,115,237
各,268,各,2,668,631
回,269,回,2,1506,1407
如,270,如,2,2847,2137
忙,271,忙,2,279,355
成,272,成,2,2870,2823
肉,273,肉,2,230,124
色,274,色,2,770,774
行,275,行,2,1911,1295
但,276,但,2,2297,1858
作,277,作,2,2189,1874
冷,278,冷,2,220,296
希,279,希,2,468,705
床,280,床/牀,2,180,98
牀,280,床/牀,2,180,98
忘,281,忘,2,185,126
更,282,更,2,1208,1154
汽,283,汽,2,100,63
言,284,言,2,678,211
身,285,身,2,1501,922
始,286,始,2,771,1048
定,287,定,2,1699,1403
宜,288,宜,2,97,126
往,289,往,2,728,473
怕,290,怕,2,352,339
或,291,或,2,1647,1154
放,292,放,2,784,910
易,293,易,2,458,386
狗,294,狗,2,184,103
直,295,直,2,890,889
迎,296,迎,2,126,240
近,297,近,2,555,629
亮,298,亮,2,256,287
便,299,便,2,852,334
係,300,係,2,402,368
信,301,信,2,1037,450
南,302,南,2,523,638
孩,303,孩,2,1231,1147
客,304,客,2,448,301
思,305,思,2,747,521
春,306,春,2,183,174
洗,307,洗,2,140,332
活,308,活,2,1185,1103
相,309,相,2,1413,953
秋,310,秋,2,99,109
穿,311,穿,2,279,214
計,312,計,2,658,554
重,313,重,2,1524,1633
音,314,音,2,556,322
香,315,香,2,252,324
哭,316,哭,2,162,96
夏,317,夏,2,167,201
容,318,容,2,600,504
差,319,差,2,304,408
旁,320,旁,2,227,164
旅,321,旅,2,181,157
桌,322,桌,2,156,88
海,323,海,2,639,1121
特,324,特,2,1154,862
班,325,班,2,249,443
病,326,病,2,637,770
站,327,站,2,347,235
笑,328,笑,2,522,208
紙,329,紙,2,190,230
送,330,送,2,301,326
院,331,院,2,449,368
隻,332,隻,2,268,199
動,333,動,2,1914,1847
唱,334,唱,2,150,119
啊,335,啊,2,321,1884
情,336,情,2,1803,1397
接,337,接,2,1042,936
望,338,望,2,738,788
條,339,條,2,509,363
球,340,球,2,449,707
眼,341,眼,2,813,352
票,342,票,2,112,84
第,343,第,2,1183,1013
累,344,累,2,117,163
習,345,習,2,607,604
蛋,346,蛋,2,137,111
袋,347,袋,2,118,123
部,348,部,2,1244,1184
魚,349,魚,2,256,230
單,350,單,2,482,491
場,351,場,2,830,803
椅,352,椅,2,89,45
渴,353,渴,2,64,25
然,354,然,2,2847,4070
畫,355,畫,2,470,530
筆,356,筆,2,238,126
等,357,等,2,1226,896
舒,358,舒,2,103,110
菜,359,菜,2,168,551
視,360,視,2,571,430
貴,361,貴,2,218,205
跑,362,跑,2,407,253
進,363,進,2,1460,1189
間,364,間,2,1703,1559
黃,365,黃,2,320,304
園,366,園,2,226,371
意,367,意,2,1948,1187
準,368,準,2,408,364
照,369,照,2,464,529
當,370,當,2,2369,2433
睛,371,睛,2,179,81
筷,372,筷,2,8,59
經,373,經,2,2234,2473
腦,374,腦,2,605,231
腳,375,腳,2,377,273
萬,376,萬,2,581,562
試,377,試,2,391,356
跳,378,跳,2,218,128
較,379,較,2,549,1476
運,380,運,2,586,501
飽,381,飽,2,51,93
像,382,像,2,1284,2012
圖,383,圖,2,430,255
慢,384,慢,2,305,648
歌,385,歌,2,201,134
漂,386,漂,2,79,194
睡,387,睡,2,261,201
種,388,種,2,1895,2766
綠,389,綠,2,112,295
認,390,認,2,1058,655
語,391,語,2,494,322
遠,392,遠,2,536,358
鼻,393,鼻,2,85,37
嘴,394,嘴,2,179,67
影,395,影,2,755,711
樓,396,樓,2,203,120
熱,397,熱,2,353,530
練,398,練,2,328,266
課,399,課,2,288,396
豬,400,豬,2,70,42
賣,401,賣,2,204,229
餓,402,餓,2,53,57
樹,403,樹,2,306,464
糕,404,糕,2,51,45
興,405,興,2,485,325
貓,406,貓,2,67,71
錯,407,錯,2,418,468
餐,408,餐,2,203,243
館,409,館,2,211,125
網,410,網,2,252,172
辦,411,辦,2,484,655
幫,412,幫,2,424,853
懂,413,懂,2,169,181
應,414,應,2,1205,1026
聲,415,聲,2,903,366
臉,416,臉,2,317,120
禮,417,禮,2,292,274
轉,418,轉,2,553,397
醫,419,醫,2,537,695
雙,420,雙,2,339,168
雞,421,雞/鷄,2,129,71
鷄,421,雞/鷄,2,129,71
離,422,離,2,570,423
題,423,題,2,993,958
顏,424,顏,2,97,117
藥,425,藥,2,310,355
識,426,識,2,600,350
邊,427,邊,2,779,1425
關,428,關,2,1358,1070
難,429,難,2,796,920
麵,430,麵/麪,2,85,118
麪,430,麵/麪,2,85,118
體,431,體,2,1265,1062
廳,432,廳,2,126,76
力,433,力,2*,1987,1496
內,434,內,2*,980,636
巴,435,巴,2*,386,433
斤,436,斤,2*,40,110
木,437,木,2*,298,260
毛,438,毛,2*,227,108
父,439,父,2*,721,360
牙,440,牙,2*,136,175
卡,441,卡,2*,333,166
必,442,必,2*,849,386
母,443,母,2*,765,363
玉,444,玉,2*,158,210
田,445,田,2*,250,438
石,446,石,2*,411,399
光,447,光,2*,712,609
向,448,向,2*,1041,406
收,449,收,2*,434,937
次,450,次,2*,1088,1189
米,451,米,2*,295,351
羊,452,羊,2*,89,57
伯,453,伯,2*,212,177
吵,454,吵,2*,61,80
址,455,址,2*,27,29
完,456,完,2*,808,784
局,457,局,2*,224,173
李,458,李,2*,406,208
豆,459,豆,2*,87,160
其,460,其,2*,1855,2668
拍,461,拍,2*,145,185
林,462,林,2*,430,481
河,463,河,2*,279,339
泳,464,泳,2*,25,35
物,465,物,2*,1143,1533
表,466,表,2*,1016,725
金,467,金,2*,734,521
青,468,青,2*,299,254
屋,469,屋,2*,210,143
故,470,故,2*,514,306
原,471,原,2*,923,899
租,472,租,2*,46,49
草,473,草,2*,253,395
記,474,記,2*,726,551
停,475,停,2*,305,201
處,476,處,2*,941,536
許,477,許,2*,945,516
貨,478,貨,2*,115,97
通,479,通,2*,748,614
雪,480,雪,2*,152,145
喂,481,喂,2*,16,18
換,482,換,2*,246,241
景,483,景,2*,268,226
游,484,游,2*,90,134
發,485,發,2*,2290,2174
結,486,結,2*,989,712
華,487,華,2*,452,186
著,488,著/着,2*,3225,1496
着,488,著/着,2*,3225,1496
街,489,街,2*,155,127
詞,490,詞,2*,154,57
越,491,越,2*,466,672
週,492,週,2*,136,71
郵,493,郵,2*,58,20
陽,494,陽,2*,314,279
搬,495,搬,2*,78,94
爺,496,爺,2*,166,175
節,497,節,2*,407,551
該,498,該,2*,817,783
境,499,境,2*,407,644
滿,500,滿,2*,654,527
算,501,算,2*,454,413
燈,502,燈,2*,138,181
糖,503,糖,2*,83,117
親,504,親,2*,1059,550
入,505,入,3,914,800
叉,506,叉,3,26,19
介,507,介,3,175,169
戶,508,戶,3,221,160
支,509,支,3,300,307
世,510,世,3,939,828
付,511,付,3,166,141
另,512,另,3,497,378
巧,513,巧,3,162,127
汁,514,汁,3,38,33
皮,515,皮,3,290,180
立,516,立,3,917,516
丟,517,丟,3,90,108
合,518,合,3,879,824
朵,519,朵/朶,3,104,44
朶,519,朵/朶,3,104,44
死,520,死,3,752,347
汗,521,汗,3,94,82
考,522,考,3,503,384
而,523,而,3,3638,2211
耳,524,耳,3,171,126
低,525,低,3,325,338
克,526,克,3,829,340
利,527,利,3,947,898
助,528,助,3,462,562
努,529,努,3,196,197
呀,530,呀,3,165,223
告,531,告,3,727,404
弄,532,弄,3,144,103
折,533,折,3,144,91
步,534,步,3,566,378
決,535,決,3,635,402
沙,536,沙,3,187,239
究,537,究,3,730,351
肚,538,肚,3,79,69
足,539,足,3,420,300
例,540,例,3,497,262
刷,541,刷,3,42,58
刻,542,刻,3,415,213
叔,543,叔,3,81,161
周,544,周,3,249,164
味,545,味,3,301,300
夜,546,夜,3,287,128
奇,547,奇,3,435,255
姊,548,姊,3,79,383
居,549,居,3,325,303
怪,550,怪,3,277,154
拉,551,拉,3,666,552
油,552,油,3,172,376
注,553,注,3,407,263
爬,554,爬,3,112,69
舍,555,舍,3,48,49
阿,556,阿,3,506,803
附,557,附,3,168,128
冒,558,冒,3,121,62
哇,559,哇,3,28,155
城,560,城,3,454,236
封,561,封,3,211,84
度,562,度,3,1127,1357
急,563,急,3,246,156
拜,564,拜,3,175,309
查,565,查,3,304,245
洋,566,洋,3,189,189
流,567,流,3,577,649
界,568,界,3,625,706
研,569,研,3,661,358
背,570,背,3,299,227
胖,571,胖,3,42,51
苦,572,苦,3,369,510
訂,573,訂,3,86,55
食,574,食,3,383,702
借,575,借,3,84,80
剛,576,剛,3,347,1232
員,577,員,3,772,432
套,578,套,3,165,102
浴,579,浴,3,38,17
消,580,消,3,396,343
留,581,留,3,380,321
破,582,破,3,279,239
祝,583,祝,3,49,97
級,584,級,3,235,217
臭,585,臭,3,44,47
酒,586,酒,3,306,60
乾,587,乾,3,238,385
假,588,假,3,338,233
健,589,健,3,235,352
務,590,務,3,464,372
匙,591,匙,3,43,12
參,592,參,3,407,316
商,593,商,3,427,207
啦,594,啦,3,184,801
婚,595,婚,3,269,132
宿,596,宿,3,53,47
寄,597,寄,3,76,49
康,598,康,3,353,300
捷,599,捷,3,49,26
掉,600,掉,3,304,528
排,601,排,3,294,295
清,602,清,3,801,490
瓶,603,瓶,3,70,135
甜,604,甜,3,74,107
畢,605,畢,3,191,143
盒,606,盒,3,46,46
笨,607,笨,3,40,20
紹,608,紹,3,105,128
統,609,統,3,601,534
船,610,船,3,194,121
莓,611,莓,3,11,18
被,612,被,3,1315,871
逛,613,逛,3,21,20
陪,614,陪,3,85,139
鳥,615,鳥,3,140,145
麻,616,麻,3,173,157
備,617,備,3,436,363
報,618,報,3,535,344
帽,619,帽,3,53,23
提,620,提,3,941,644
敢,621,敢,3,223,135
湯,622,湯,3,201,107
無,623,無,3,1901,739
程,624,程,3,702,673
窗,625,窗,3,131,51
答,626,答,3,396,173
訴,627,訴,3,411,266
超,628,超,3,286,308
隊,629,隊,3,337,265
飲,630,飲,3,121,133
傳,631,傳,3,694,559
感,632,感,3,1340,1397
楚,633,楚,3,263,142
業,634,業,3,1091,991
概,635,概,3,223,599
溫,636,溫,3,240,568
矮,637,矮,3,34,16
碗,638,碗,3,57,63
裙,639,裙,3,22,7
裝,640,裝,3,313,267
遊,641,遊,3,226,230
慣,642,慣,3,155,183
精,643,精,3,541,330
緊,644,緊,3,333,222
聞,645,聞,3,196,155
腿,646,腿,3,106,31
舞,647,舞,3,183,166
趕,648,趕,3,197,259
輕,649,輕,3,553,405
辣,650,辣,3,24,36
酸,651,酸,3,83,139
銀,652,銀,3,200,104
需,653,需,3,607,513
餃,654,餃,3,5,5
餅,655,餅,3,75,42
廚,656,廚,3,68,67
瘦,657,瘦,3,46,26
盤,658,盤,3,149,82
碼,659,碼,3,80,47
箱,660,箱,3,88,71
趣,661,趣,3,255,209
踢,662,踢,3,38,12
輛,663,輛,3,63,33
鞋,664,鞋,3,108,89
髮,665,髮,3,146,70
鬧,666,鬧,3,95,49
澡,667,澡,3,29,32
蕉,668,蕉,3,18,59
褲,669,褲,3,47,18
選,670,選,3,441,442
龍,671,龍,3,266,176
戲,672,戲,3,219,143
戴,673,戴,3,134,68
總,674,總,3,676,510
聰,675,聰,3,107,57
賽,676,賽,3,243,146
闆,677,闆,3,74,62
雖,678,雖,3,507,373
鮮,679,鮮,3,121,235
簡,680,簡,3,310,314
舊,681,舊,3,188,103
藍,682,藍,3,149,86
騎,683,騎,3,106,78
壞,684,壞,3,211,209
簽,685,簽,3,45,52
願,686,願,3,332,301
蘋,687,蘋,3,29,45
鹹,688,鹹,3,16,21
鐵,689,鐵,3,184,187
顧,690,顧,3,342,305
讀,691,讀,3,508,309
變,692,變,3,1127,1284
罐,693,罐,3,34,41
丁,694,丁,3*,100,89
土,695,土,3*,281,722
寸,696,寸,3*,32,22
切,697,切,3*,454,232
及,698,及,3*,1157,561
反,699,反,3*,808,572
夫,700,夫,3*,676,306
且,701,且,3*,799,776
主,702,主,3*,1406,942
代,703,代,3*,1074,837
失,704,失,3*,637,412
布,705,布,3*,430,313
民,706,民,3*,859,1249
由,707,由,3*,980,469
目,708,目,3*,726,674
示,709,示,3*,457,313
存,710,存,3*,377,336
式,711,式,3*,802,561
此,712,此,3*,1792,544
何,713,何,3*,1129,458
形,714,形,3*,629,440
改,715,改,3*,606,557
村,716,村,3*,181,327
求,717,求,3*,638,352
里,718,里,3*,393,281
京,719,京,3*,280,79
具,720,具,3*,451,293
初,721,初,3*,295,220
取,722,取,3*,510,310
受,723,受,3*,1157,934
命,724,命,3*,782,509
妻,725,妻,3*,206,79
姑,726,姑,3*,173,39
府,727,府,3*,346,434
性,728,性,3*,1484,757
於,729,於,3*,2574,1356
社,730,社,3*,690,552
虎,731,虎,3*,118,57
保,732,保,3*,608,882
品,733,品,3*,743,611
哈,734,哈,3*,287,117
架,735,架,3*,163,117
派,736,派,3*,327,174
珍,737,珍,3*,132,152
眉,738,眉,3*,66,15
約,739,約,3*,466,329
軍,740,軍,3*,818,346
孫,741,孫,3*,215,69
害,742,害,3*,375,468
展,743,展,3*,578,450
座,744,座,3*,223,172
根,745,根,3*,522,424
珠,746,珠,3*,103,40
神,747,神,3*,965,434
般,748,般,3*,369,392
除,749,除,3*,451,554
偷,750,偷,3*,134,79
婆,751,婆,3*,158,147
救,752,救,3*,187,291
殺,753,殺,3*,400,124
深,754,深,3*,563,378
淺,755,淺,3*,52,31
猜,756,猜,3*,84,58
理,757,理,3*,1975,989
終,758,終,3*,383,200
連,759,連,3*,569,390
喔,760,喔,3*,52,868
寓,761,寓,3*,41,9
晴,762,晴,3*,25,30
棒,763,棒,3*,94,183
痛,764,痛,3*,370,211
象,765,象,3*,443,419
費,766,費,3*,353,362
貼,767,貼,3*,99,104
鄉,768,鄉,3*,188,294
量,769,量,3*,732,979
雲,770,雲,3*,224,132
傷,771,傷,3*,377,298
圓,772,圓,3*,151,123
極,773,極,3*,462,243
煙,774,煙/烟,3*,92,46
烟,774,煙/烟,3*,92,46
煩,775,煩,3*,141,112
獅,776,獅,3*,23,35
義,777,義,3*,675,409
舅,778,舅,3*,39,8
解,779,解,3*,1106,805
農,780,農,3*,256,1098
遇,781,遇,3*,230,172
厭,782,厭,3*,83,30
實,783,實,3*,1827,2896
演,784,演,3*,439,373
管,785,管,3*,711,507
領,786,領,3*,514,231
價,787,價,3*,361,275
數,788,數,3*,775,496
線,789,線,3*,377,306
論,790,論,3*,912,279
齒,791,齒,3*,48,42
器,792,器,3*,284,332
整,793,整,3*,574,774
燒,794,燒,3*,128,141
隨,795,隨,3*,429,289
舉,796,舉/擧,3*,326,264
擧,796,舉/擧,3*,326,264
櫃,797,櫃,3*,57,32
類,798,類,3*,641,598
籃,799,籃,3*,36,43
覽,800,覽,3*,41,34
觀,801,觀,3*,758,816
士,802,士,4,664,477
夕,803,夕,4,35,19
巾,804,巾,4,40,20
之,805,之,4,3660,2170
仍,806,仍,4,346,98
尤,807,尤,4,173,160
尺,808,尺,4,100,128
引,809,引,4,446,300
止,810,止,4,276,192
乎,811,乎,4,535,246
仔,812,仔,4,132,90
兄,813,兄,4,163,176
充,814,充,4,283,174
史,815,史,4,653,278
未,816,未,4,531,275
永,817,永,4,272,178
申,818,申,4,54,39
任,819,任,4,930,580
份,820,份,4,240,287
印,821,印,4,222,360
危,822,危,4,182,229
池,823,池,4,66,115
污,824,污/汙,4,47,170
汙,824,污/汙,4,47,170
竹,825,竹,4,99,150
至,826,至,4,861,519
血,827,血,4,303,178
免,828,免,4,253,185
困,829,困,4,250,281
圾,830,圾,4,24,173
技,831,技,4,326,250
抓,832,抓,4,145,93
投,833,投,4,303,249
材,834,材,4,156,247
束,835,束,4,148,102
牠,836,牠,4,279,548
系,837,系,4,361,242
育,838,育,4,330,421
角,839,角,4,434,286
辛,840,辛,4,110,273
並,841,並,4,1191,423
乖,842,乖,4,46,112
乳,843,乳,4,83,62
亞,844,亞,4,388,600
享,845,享,4,164,263
使,846,使,4,1162,579
典,847,典,4,174,189
制,848,制,4,556,288
呼,849,呼,4,242,143
垃,850,垃,4,24,173
季,851,季,4,90,213
幸,852,幸,4,228,231
底,853,底,4,362,526
忽,854,忽,4,168,50
抱,855,抱,4,226,113
招,856,招,4,159,67
枕,857,枕,4,22,8
治,858,治,4,709,397
況,859,況,4,398,395
泡,860,泡,4,73,185
炒,861,炒,4,29,43
爭,862,爭,4,418,247
者,863,者,4,1777,917
肥,864,肥,4,58,209
肯,865,肯,4,211,88
則,866,則,4,822,244
勇,867,勇,4,130,93
卻,868,卻/却,4,853,413
却,868,卻/却,4,853,413
厚,869,厚,4,109,78
咬,870,咬,4,62,43
姨,871,姨,4,31,42
巷,872,巷,4,29,15
帥,873,帥,4,39,21
建,874,建,4,628,523
律,875,律,4,209,112
持,876,持,4,582,585
指,877,指,4,640,247
按,878,按,4,169,73
挑,879,挑,4,176,160
政,880,政,4,780,799
染,881,染,4,101,255
段,882,段,4,440,369
毒,883,毒,4,153,224
泉,884,泉,4,65,42
洞,885,洞,4,145,61
洲,886,洲,4,152,357
炸,887,炸,4,58,92
甚,888,甚,4,419,305
省,889,省,4,199,240
科,890,科,4,609,376
秒,891,秒,4,58,57
突,892,突,4,366,239
紀,893,紀,4,321,328
郎,894,郎,4,131,18
頁,895,頁,4,108,23
首,896,首,4,323,279
乘,897,乘,4,91,52
修,898,修,4,268,220
倒,899,倒,4,308,211
值,900,值/値,4,304,256
値,900,值/値,4,304,256
娘,901,娘,4,237,83
島,902,島,4,136,267
庭,903,庭,4,219,223
恭,904,恭,4,50,30
扇,905,扇,4,38,28
效,906,效,4,404,271
料,907,料,4,373,458
格,908,格,4,587,275
案,909,案,4,415,233
浪,910,浪,4,127,201
烏,911,烏,4,108,92
烤,912,烤,4,34,29
疼,913,疼,4,67,56
祖,914,祖,4,213,102
素,915,素,4,273,370
蚊,916,蚊,4,13,54
討,917,討,4,313,178
訓,918,訓,4,204,126
迷,919,迷,4,171,71
追,920,追,4,264,128
退,921,退,4,246,177
陣,922,陣,4,176,79
偉,923,偉,4,74,61
剪,924,剪,4,49,92
區,925,區,4,431,835
啤,926,啤,4,25,2
堂,927,堂,4,214,125
堆,928,堆,4,120,96
婦,929,婦,4,197,108
密,930,密,4,305,191
將,931,將,4,1259,671
專,932,專,4,450,395
強,933,強/强,4,648,439
强,933,強/强,4,648,439
惜,934,惜,4,92,134
掛,935,掛,4,100,49
推,936,推,4,408,304
敗,937,敗,4,235,72
族,938,族,4,384,287
棄,939,棄,4,144,160
涼,940,涼,4,62,77
淚,941,淚,4,102,45
淡,942,淡,4,86,71
淨,943,淨,4,92,185
產,944,產,4,760,746
眾,945,眾,4,377,528
移,946,移,4,168,191
章,947,章,4,330,75
粗,948,粗,4,75,37
細,949,細,4,407,293
聊,950,聊,4,110,119
脫,951,脫,4,173,105
術,952,術,4,510,300
規,953,規,4,299,215
訪,954,訪,4,149,209
設,955,設,4,545,394
責,956,責,4,295,169
速,957,速,4,291,228
造,958,造,4,666,754
野,959,野,4,235,255
陰,960,陰,4,132,41
陸,961,陸,4,167,222
頂,962,頂,4,170,117
傘,963,傘,4,19,19
剩,964,剩,4,76,106
博,965,博,4,187,353
善,966,善,4,284,356
喊,967,喊,4,122,27
圍,968,圍,4,231,172
富,969,富,4,268,248
寒,970,寒,4,93,108
廁,971,廁,4,24,37
復,972,復,4,241,189
悶,973,悶,4,52,22
惱,974,惱,4,63,45
散,975,散,4,223,127
普,976,普,4,239,146
暑,977,暑,4,30,45
曾,978,曾,4,495,367
替,979,替,4,148,83
棟,980,棟,4,43,42
森,981,森,4,229,104
棵,982,棵,4,45,98
椒,983,椒,4,16,38
減,984,減,4,154,283
煮,985,煮,4,57,145
牌,986,牌,4,174,72
猴,987,猴,4,52,25
童,988,童,4,212,166
策,989,策,4,260,129
絕,990,絕,4,426,211
閒,991,閒,4,89,51
雄,992,雄,4,164,101
順,993,順,4,253,201
須,994,須,4,498,270
亂,995,亂,4,262,146
嗯,996,嗯,4,50,242
搭,997,搭,4,99,98
搶,998,搶,4,72,62
暖,999,暖,4,74,242
源,1000,源,4,238,482
碰,1001,碰,4,129,122
群,1002,群/羣,4,324,268
羣,1002,群/羣,4,324,268
聖,1003,聖,4,197,143
葉,1004,葉,4,175,302
資,1005,資,4,622,526
躲,1006,躲/躱,4,69,45
躱,1006,躲/躱,4,69,45
載,1007,載,4,137,95
遍,1008,遍,4,128,83
達,1009,達,4,642,522
零,1010,零,4,99,126
預,1011,預,4,251,238
頓,1012,頓,4,255,60
鼓,1013,鼓,4,161,171
鼠,1014,鼠,4,80,43
團,1015,團,4,362,301
夢,1016,夢,4,217,173
察,1017,察,4,297,207
態,1018,態,4,439,412
摸,1019,摸,4,98,80
漢,1020,漢,4,324,78
漸,1021,漸,4,245,166
疑,1022,疑,4,263,92
禍,1023,禍,4,55,29
腐,1024,腐,4,40,43
蓋,1025,蓋,4,200,199
誤,1026,誤,4,197,63
貌,1027,貌,4,83,54
際,1028,際,4,347,401
颱,1029,颱,4,10,198
厲,1030,厲,4,69,124
增,1031,增,4,256,221
寬,1032,寬,4,108,68
層,1033,層,4,300,285
廠,1034,廠,4,150,174
廣,1035,廣,4,356,210
德,1036,德,4,702,331
慶,1037,慶,4,148,79
憐,1038,憐,4,73,24
標,1039,標,4,366,271
歐,1040,歐,4,178,421
漿,1041,漿,4,20,43
熟,1042,熟,4,181,150
獎,1043,獎,4,124,105
確,1044,確,4,573,305
窮,1045,窮,4,103,106
篇,1046,篇,4,155,42
罵,1047,罵,4,95,65
膚,1048,膚,4,68,49
蝦,1049,蝦,4,26,14
衛,1050,衛,4,222,150
誕,1051,誕,4,54,26
調,1052,調,4,445,365
談,1053,談,4,443,446
質,1054,質,4,492,518
踏,1055,踏,4,85,89
躺,1056,躺,4,66,23
適,1057,適,4,311,247
鄰,1058,鄰,4,69,83
醉,1059,醉,4,58,13
醋,1060,醋,4,12,13
震,1061,震,4,101,249
靠,1062,靠,4,231,195
養,1063,養,4,356,522
噢,1064,噢,4,56,13
戰,1065,戰,4,731,465
擔,1066,擔,4,308,316
據,1067,據,4,371,254
曆,1068,曆,4,44,31
橋,1069,橋,4,96,109
橘,1070,橘,4,14,30
歷,1071,歷,4,469,304
激,1072,激,4,261,124
濃,1073,濃,4,104,94
燙,1074,燙,4,18,34
獨,1075,獨,4,313,191
醒,1076,醒,4,196,127
錶,1077,錶,4,23,9
險,1078,險,4,249,173
靜,1079,靜,4,295,234
嚇,1080,嚇,4,103,70
壓,1081,壓,4,299,303
濕,1082,濕/溼,4,63,125
溼,1082,濕/溼,4,63,125
環,1083,環,4,308,872
績,1084,績,4,96,47
聯,1085,聯,4,267,317
薪,1086,薪,4,46,36
講,1087,講,4,370,1277
賺,1088,賺,4,62,109
購,1089,購,4,108,62
醜,1090,醜,4,38,18
鍋,1091,鍋,4,54,51
顆,1092,顆,4,88,173
斷,1093,斷,4,470,335
翻,1094,翻,4,170,123
職,1095,職,4,251,117
豐,1096,豐,4,151,157
醬,1097,醬,4,35,51
鎖,1098,鎖,4,65,39
雜,1099,雜,4,240,192
鬆,1100,鬆,4,155,137
藝,1101,藝,4,287,217
證,1102,證,4,368,245
鏡,1103,鏡,4,122,99
饅,1104,饅,4,5,10
騙,1105,騙,4,60,36
麗,1106,麗,4,249,241
嚴,1107,嚴,4,315,407
繼,1108,繼,4,323,233
警,1109,警,4,227,164
議,1110,議,4,453,359
齡,1111,齡,4,88,55
續,1112,續,4,408,464
護,1113,護,4,289,394
響,1114,響,4,400,454
權,1115,權,4,474,190
髒,1116,髒,4,33,45
驗,1117,驗,4,569,479
驚,1118,驚,4,311,134
鹽,1119,鹽,4,52,91
嘛,1120,嘛,4,72,357
億,1121,億,4,82,131
乙,1122,乙,4*,24,10
丈,1123,丈,4*,134,31
丸,1124,丸,4*,34,8
川,1125,川,4*,119,134
互,1126,互,4*,223,197
井,1127,井,4*,76,36
仁,1128,仁,4*,117,87
匹,1129,匹,4*,52,15
升,1130,升,4*,201,228
孔,1131,孔,4*,111,66
欠,1132,欠,4*,35,22
丙,1133,丙,4*,9,2
仗,1134,仗,4*,40,10
令,1135,令,4*,527,123
冊,1136,冊,4*,62,17
古,1137,古,4*,368,300
央,1138,央,4*,113,61
扔,1139,扔,4*,23,5
犯,1140,犯,4*,177,60
甲,1141,甲,4*,102,91
吉,1142,吉,4*,219,79
吐,1143,吐,4*,76,33
守,1144,守,4*,231,121
尖,1145,尖,4*,97,36
州,1146,州,4*,303,113
曲,1147,曲,4*,192,62
江,1148,江,4*,239,102
羽,1149,羽,4*,74,13
舌,1150,舌,4*,47,13
伸,1151,伸,4*,144,53
似,1152,似,4*,454,157
兵,1153,兵,4*,417,81
即,1154,即,4*,647,170
吞,1155,吞,4*,53,21
否,1156,否,4*,339,95
吸,1157,吸,4*,243,227
吹,1158,吹,4*,94,85
呆,1159,呆,4*,49,14
壯,1160,壯,4*,90,53
孝,1161,孝,4*,88,45
尾,1162,尾,4*,120,54
忍,1163,忍,4*,159,79
志,1164,志,4*,175,344
扮,1165,扮,4*,77,49
沖,1166,沖,4*,56,95
狂,1167,狂,4*,121,23
私,1168,私,4*,150,53
貝,1169,貝,4*,209,89
佳,1170,佳,4*,168,92
兔,1171,兔,4*,28,10
刺,1172,刺,4*,177,74
固,1173,固,4*,162,117
岸,1174,岸,4*,99,183
抬,1175,抬/擡,4*,91,38
擡,1175,抬/擡,4*,91,38
拌,1176,拌,4*,12,31
拔,1177,拔,4*,72,129
昏,1178,昏,4*,68,22
欣,1179,欣,4*,82,56
武,1180,武,4*,343,251
炎,1181,炎,4*,73,50
狀,1182,狀,4*,388,382
俗,1183,俗,4*,108,68
型,1184,型,4*,346,284
娃,1185,娃,4*,64,42
宣,1186,宣,4*,165,108
待,1187,待,4*,384,283
挖,1188,挖,4*,59,74
既,1189,既,4*,221,84
砍,1190,砍,4*,53,52
耐,1191,耐,4*,98,81
若,1192,若,4*,366,81
負,1193,負,4*,284,208
唉,1194,唉,4*,28,15
唐,1195,唐,4*,137,59
宮,1196,宮,4*,258,42
宵,1197,宵,4*,9,10
庫,1198,庫,4*,104,123
弱,1199,弱,4*,152,99
恐,1200,恐,4*,234,190
捉,1201,捉,4*,50,13
桃,1202,桃,4*,57,50
狼,1203,狼,4*,55,16
粉,1204,粉,4*,86,145
缺,1205,缺,4*,220,163
財,1206,財,4*,193,80
逃,1207,逃,4*,171,67
針,1208,針,4*,124,117
閃,1209,閃,4*,104,33
鬼,1210,鬼,4*,141,26
偏,1211,偏,4*,139,106
基,1212,基,4*,581,531
堅,1213,堅,4*,216,176
娶,1214,娶,4*,37,19
彩,1215,彩,4*,112,94
採,1216,採,4*,211,297
敏,1217,敏,4*,117,67
晨,1218,晨,4*,66,38
盛,1219,盛,4*,134,106
祥,1220,祥,4*,47,44
竟,1221,竟,4*,315,156
組,1222,組,4*,434,347
蛇,1223,蛇,4*,60,21
貪,1224,貪,4*,53,39
途,1225,途,4*,128,74
陳,1226,陳,4*,235,206
鹿,1227,鹿,4*,52,23
麥,1228,麥,4*,148,90
勝,1229,勝,4*,205,76
勞,1230,勞,4*,200,110
壺,1231,壺,4*,24,57
尊,1232,尊,4*,189,103
悲,1233,悲,4*,159,90
惡,1234,惡,4*,235,99
晶,1235,晶,4*,60,26
智,1236,智,4*,327,183
棋,1237,棋,4*,42,25
植,1238,植,4*,93,357
款,1239,款,4*,96,86
港,1240,港,4*,110,86
湖,1241,湖,4*,122,134
紫,1242,紫,4*,56,39
絲,1243,絲,4*,284,115
診,1244,診,4*,85,116
集,1245,集,4*,359,325
項,1246,項,4*,314,160
勢,1247,勢,4*,354,233
填,1248,填,4*,36,30
嫁,1249,嫁,4*,68,47
幹,1250,幹,4*,176,129
微,1251,微,4*,316,225
搖,1252,搖,4*,178,56
敬,1253,敬,4*,145,72
暗,1254,暗,4*,206,56
煎,1255,煎,4*,20,21
禁,1256,禁,4*,151,65
罪,1257,罪,4*,198,41
落,1258,落,4*,433,365
詩,1259,詩,4*,167,40
誠,1260,誠,4*,131,78
雷,1261,雷,4*,215,75
嘆,1262,嘆,4*,64,18
嘗,1263,嘗,4*,83,49
敲,1264,敲,4*,60,26
滾,1265,滾,4*,72,41
漁,1266,漁,4*,38,49
熊,1267,熊,4*,68,48
瘋,1268,瘋,4*,74,16
福,1269,福,4*,305,429
稱,1270,稱,4*,450,218
端,1271,端,4*,173,111
聚,1272,聚,4*,122,127
與,1273,與,4*,2252,841
銅,1274,銅,4*,44,17
齊,1275,齊,4*,147,75
劇,1276,劇,4*,244,125
廟,1277,廟,4*,66,41
撞,1278,撞,4*,76,51
敵,1279,敵,4*,180,41
模,1280,模,4*,308,217
衝,1281,衝,4*,208,155
賞,1282,賞,4*,136,71
輪,1283,輪,4*,115,116
縣,1284,縣,4*,166,131
鴨,1285,鴨,4*,29,23
嚐,1286,嚐,4*,17,22
牆,1287,牆,4*,107,76
膽,1288,膽,4*,88,34
臨,1289,臨,4*,200,180
謎,1290,謎,4*,25,7
避,1291,避,4*,191,123
礎,1292,礎,4*,90,45
織,1293,織,4*,241,203
鎮,1294,鎮,4*,141,93
勸,1295,勸,4*,65,19
寶,1296,寶,4*,500,258
露,1297,露,4*,236,98
彎,1298,彎,4*,69,47
讚,1299,讚,4*,84,60
吳,1300,吳,4*,147,98
几,1301,几,5,5,2
亡,1302,亡,5,169,151
凡,1303,凡,5,121,51
弓,1304,弓,5,32,10
予,1305,予,5,109,51
仇,1306,仇,5,54,15
勿,1307,勿,5,17,9
爪,1308,爪,5,19,8
犬,1309,犬,5,38,21
乏,1310,乏,5,105,54
仙,1311,仙,5,100,34
凸,1312,凸,5,15,15
凹,1313,凹,5,13,14
刊,1314,刊,5,79,24
匆,1315,匆,5,47,10
召,1316,召,5,84,38
叮,1317,叮,5,20,22
孕,1318,孕,5,53,32
尼,1319,尼,5,284,173
巨,1320,巨,5,113,62
幼,1321,幼,5,108,75
旦,1322,旦,5,128,95
瓦,1323,瓦,5,115,79
甘,1324,甘,5,92,101
矛,1325,矛,5,46,12
穴,1326,穴,5,40,10
仰,1327,仰,5,95,55
仲,1328,仲,5,39,12
仿,1329,仿,5,49,24
企,1330,企,5,291,82
伍,1331,伍,5,56,38
伙,1332,伙,5,99,7
兇,1333,兇,5,33,25
划,1334,划,5,14,9
列,1335,列,5,264,229
匠,1336,匠,5,33,9
宅,1337,宅,5,59,49
宇,1338,宇,5,81,35
寺,1339,寺,5,87,52
托,1340,托,5,110,41
扣,1341,扣,5,40,23
朱,1342,朱,5,159,16
灰,1343,灰,5,81,53
肌,1344,肌,5,102,35
舟,1345,舟,5,19,15
串,1346,串,5,57,46
估,1347,估,5,90,76
伴,1348,伴,5,128,138
佔,1349,佔,5,77,48
佛,1350,佛,5,239,232
判,1351,判,5,177,91
刪,1352,刪,5,12,9
吩,1353,吩,5,18,1
含,1354,含,5,136,143
均,1355,均,5,109,144
夾,1356,夾,5,61,36
妙,1357,妙,5,113,71
妝,1358,妝/粧,5,25,16
粧,1358,妝/粧,5,25,16
妨,1359,妨,5,40,9
宋,1360,宋,5,93,34
尿,1361,尿,5,88,64
屁,1362,屁,5,43,21
巫,1363,巫,5,24,5
序,1364,序,5,141,56
戒,1365,戒,5,64,82
扶,1366,扶,5,48,42
批,1367,批,5,159,78
抄,1368,抄,5,26,15
抖,1369,抖,5,47,9
抗,1370,抗,5,193,222
攻,1371,攻,5,222,130
杜,1372,杜,5,93,30
沈,1373,沈,5,41,27
沉,1374,沉,5,189,85
災,1375,災,5,75,447
牢,1376,牢,5,63,16
皂,1377,皂,5,12,31
秀,1378,秀,5,150,108
良,1379,良,5,222,139
谷,1380,谷,5,94,52
赤,1381,赤,5,57,35
防,1382,防,5,197,286
佩,1383,佩,5,68,43
供,1384,供,5,291,217
依,1385,依,5,328,173
刮,1386,刮,5,25,20
券,1387,券,5,23,8
協,1388,協,5,199,203
卷,1389,卷,5,79,22
咐,1390,咐,5,24,1
坪,1391,坪,5,18,18
奔,1392,奔,5,82,28
委,1393,委,5,150,75
孟,1394,孟,5,55,38
孤,1395,孤,5,105,55
宗,1396,宗,5,279,190
官,1397,官,5,555,103
宙,1398,宙,5,57,14
尚,1399,尚,5,185,41
屆,1400,屆,5,26,25
岩,1401,岩,5,61,87
延,1402,延,5,137,117
彼,1403,彼,5,150,58
忠,1404,忠,5,143,30
怖,1405,怖,5,40,85
怡,1406,怡,5,13,67
承,1407,承,5,259,175
抵,1408,抵,5,101,52
抽,1409,抽,5,117,89
拆,1410,拆,5,30,39
拒,1411,拒,5,108,32
拖,1412,拖,5,72,42
斧,1413,斧,5,19,4
昌,1414,昌,5,49,52
昔,1415,昔,5,25,10
松,1416,松,5,136,43
板,1417,板,5,181,135
氛,1418,氛,5,50,47
沾,1419,沾,5,30,16
沿,1420,沿,5,81,78
波,1421,波,5,282,232
泥,1422,泥,5,73,104
版,1423,版,5,249,54
牧,1424,牧,5,68,53
盲,1425,盲,5,30,25
肩,1426,肩,5,98,27
肺,1427,肺,5,42,30
臥,1428,臥,5,44,11
芬,1429,芬,5,74,37
芳,1430,芳,5,40,31
芽,1431,芽,5,21,58
返,1432,返,5,66,37
阻,1433,阻,5,97,68
侵,1434,侵,5,65,83
冠,1435,冠,5,54,40
勉,1436,勉,5,40,22
咳,1437,咳,5,19,12
哀,1438,哀,5,67,20
哎,1439,哎,5,21,42
奏,1440,奏,5,113,23
姻,1441,姻,5,81,25
姿,1442,姿,5,79,26
威,1443,威,5,306,193
帝,1444,帝,5,620,56
幽,1445,幽,5,57,27
怒,1446,怒,5,158,21
怨,1447,怨,5,98,43
恢,1448,恢,5,60,55
恨,1449,恨,5,106,21
恰,1450,恰,5,58,9
扁,1451,扁,5,30,13
括,1452,括,5,188,191
拼,1453,拼,5,32,61
拾,1454,拾,5,46,26
施,1455,施,5,172,171
映,1456,映,5,69,44
某,1457,某,5,407,97
柔,1458,柔,5,82,84
柱,1459,柱,5,41,33
柳,1460,柳,5,40,16
炭,1461,炭,5,13,27
炮,1462,炮,5,31,20
玲,1463,玲,5,16,30
珊,1464,珊,5,39,104
皆,1465,皆,5,110,15
皇,1466,皇,5,632,58
盆,1467,盆,5,40,44
盾,1468,盾,5,47,20
胃,1469,胃,5,56,30
胎,1470,胎,5,52,31
胡,1471,胡,5,161,60
致,1472,致,5,323,145
苗,1473,苗,5,44,141
茄,1474,茄,5,18,82
衫,1475,衫,5,30,4
迫,1476,迫,5,127,68
述,1477,述,5,289,54
郊,1478,郊,5,21,18
降,1479,降,5,185,277
限,1480,限,5,202,133
革,1481,革,5,153,83
俱,1482,俱,5,54,22
倆,1483,倆,5,81,32
倉,1484,倉,5,58,24
倍,1485,倍,5,81,106
倦,1486,倦,5,27,6
准,1487,准,5,51,23
凍,1488,凍,5,29,37
哦,1489,哦,5,42,70
哲,1490,哲,5,80,36
哼,1491,哼,5,27,6
埋,1492,埋,5,69,50
宰,1493,宰,5,45,9
宴,1494,宴,5,45,14
射,1495,射,5,175,128
峰,1496,峰/峯,5,60,76
峯,1496,峰/峯,5,60,76
席,1497,席,5,106,70
徐,1498,徐,5,70,41
徑,1499,徑,5,74,43
徒,1500,徒,5,105,59
恩,1501,恩,5,201,229
悄,1502,悄,5,65,12
悔,1503,悔,5,47,79
悟,1504,悟,5,72,47
拳,1505,拳,5,44,17
挨,1506,挨,5,31,12
捐,1507,捐,5,31,77
捕,1508,捕,5,77,52
晒,1509,晒/曬,5,28,81
曬,1509,晒/曬,5,28,81
朗,1510,朗,5,97,110
核,1511,核,5,119,184
泰,1512,泰,5,117,147
浩,1513,浩,5,30,23
烈,1514,烈,5,192,103
疲,1515,疲,5,62,20
症,1516,症,5,271,175
益,1517,益,5,167,105
窄,1518,窄,5,25,13
納,1519,納,5,253,84
純,1520,純,5,111,90
紛,1521,紛,5,105,86
翁,1522,翁,5,38,14
翅,1523,翅,5,33,15
胸,1524,胸,5,92,21
脈,1525,脈,5,78,89
航,1526,航,5,62,59
託,1527,託,5,60,56
豹,1528,豹,5,13,7
配,1529,配,5,224,168
骨,1530,骨,5,158,139
鬥,1531,鬥,5,131,50
偶,1532,偶,5,115,68
副,1533,副,5,130,65
唯,1534,唯,5,159,87
圈,1535,圈,5,109,86
域,1536,域,5,171,167
執,1537,執,5,185,102
培,1538,培,5,104,136
帳,1539,帳,5,58,46
悠,1540,悠,5,33,25
戚,1541,戚,5,40,23
捨,1542,捨,5,49,63
捲,1543,捲,5,47,45
掃,1544,掃,5,70,87
授,1545,授,5,156,146
探,1546,探,5,217,112
控,1547,控,5,218,151
掩,1548,掩,5,45,28
斜,1549,斜,5,38,37
梅,1550,梅,5,150,80
梨,1551,梨,5,27,86
梯,1552,梯,5,62,52
欲,1553,欲,5,101,36
毫,1554,毫,5,145,48
液,1555,液,5,71,69
淋,1556,淋,5,39,22
混,1557,混,5,118,65
淹,1558,淹,5,24,66
添,1559,添,5,41,51
爽,1560,爽,5,32,25
牽,1561,牽,5,74,51
猛,1562,猛,5,86,19
率,1563,率,5,290,193
略,1564,略,5,235,67
異,1565,異,5,295,119
痕,1566,痕,5,37,33
祭,1567,祭,5,72,32
符,1568,符,5,91,50
粒,1569,粒,5,39,57
羞,1570,羞,5,59,13
莉,1571,莉,5,203,45
莊,1572,莊,5,112,65
莫,1573,莫,5,210,64
訝,1574,訝,5,61,28
貧,1575,貧,5,63,146
軟,1576,軟,5,134,86
透,1577,透,5,268,321
逐,1578,逐,5,163,121
逢,1579,逢,5,39,22
閉,1580,閉,5,100,68
陶,1581,陶,5,84,30
陷,1582,陷,5,131,80
雀,1583,雀,5,36,11
割,1584,割,5,60,99
創,1585,創,5,518,307
喉,1586,喉,5,28,11
喪,1587,喪,5,105,46
喲,1588,喲,5,14,20
婷,1589,婷,5,5,9
媒,1590,媒,5,85,88
尋,1591,尋,5,234,112
幅,1592,幅,5,76,61
愉,1593,愉,5,68,20
掌,1594,掌,5,200,127
描,1595,描,5,141,45
插,1596,插,5,68,89
揚,1597,揚,5,95,45
握,1598,握,5,157,108
揮,1599,揮,5,169,93
援,1600,援,5,78,140
斑,1601,斑,5,40,39
朝,1602,朝,5,485,277
棉,1603,棉,5,27,68
棍,1604,棍,5,24,9
欺,1605,欺,5,49,18
殘,1606,殘,5,97,72
渡,1607,渡,5,51,50
測,1608,測,5,220,228
焦,1609,焦,5,121,59
琴,1610,琴,5,111,48
番,1611,番,5,93,70
痠,1612,痠,5,8,14
登,1613,登,5,170,102
盜,1614,盜,5,47,20
硬,1615,硬,5,116,94
稅,1616,稅,5,57,32
稍,1617,稍,5,97,109
筋,1618,筋,5,45,36
粥,1619,粥,5,10,12
絡,1620,絡,5,72,53
菇,1621,菇,5,11,43
菸,1622,菸,5,52,25
萄,1623,萄,5,29,58
虛,1624,虛,5,137,34
裁,1625,裁,5,67,65
評,1626,評,5,241,81
貸,1627,貸,5,26,21
貿,1628,貿,5,40,32
賀,1629,賀,5,45,18
趁,1630,趁,5,46,36
跌,1631,跌,5,54,35
距,1632,距,5,104,113
酥,1633,酥,5,17,8
鈔,1634,鈔,5,15,7
隆,1635,隆,5,149,55
階,1636,階,5,215,101
雅,1637,雅,5,117,138
傲,1638,傲,5,50,27
傻,1639,傻,5,50,31
僅,1640,僅,5,231,137
勤,1641,勤,5,67,49
嗨,1642,嗨,5,8,14
塑,1643,塑,5,91,147
塗,1644,塗,5,47,29
塞,1645,塞,5,118,121
嫌,1646,嫌,5,42,24
廉,1647,廉,5,44,22
愁,1648,愁,5,42,13
愈,1649,愈,5,225,40
愚,1650,愚,5,42,10
慌,1651,慌,5,58,25
慎,1652,慎/愼,5,64,24
愼,1652,慎/愼,5,64,24
損,1653,損,5,91,83
搜,1654,搜,5,62,33
搞,1655,搞,5,94,58
暈,1656,暈,5,26,9
楊,1657,楊,5,218,76
楣,1658,楣,5,11,8
溜,1659,溜,5,43,17
溝,1660,溝,5,125,95
溪,1661,溪,5,63,118
滅,1662,滅,5,107,61
滑,1663,滑,5,87,57
盟,1664,盟,5,62,154
睜,1665,睜,5,35,11
碌,1666,碌,5,26,30
碎,1667,碎,5,75,56
綁,1668,綁,5,43,36
置,1669,置,5,224,172
署,1670,署,5,33,64
羨,1671,羨,5,17,14
腫,1672,腫,5,42,33
腰,1673,腰,5,81,44
腸,1674,腸,5,69,43
葡,1675,葡,5,29,59
葷,1676,葷,5,3,11
補,1677,補,5,176,180
詳,1678,詳,5,78,28
誇,1679,誇,5,45,21
賊,1680,賊,5,38,6
跡,1681,跡,5,83,91
跪,1682,跪,5,42,14
逼,1683,逼,5,70,24
違,1684,違,5,54,30
鉛,1685,鉛,5,16,28
隔,1686,隔,5,135,131
飼,1687,飼,5,15,22
飾,1688,飾,5,73,28
僑,1689,僑,5,10,9
劃,1690,劃,5,142,87
墓,1691,墓,5,55,17
寧,1692,寧,5,121,59
幕,1693,幕,5,110,56
幣,1694,幣,5,45,88
摔,1695,摔,5,36,18
旗,1696,旗,5,96,34
榮,1697,榮,5,113,98
構,1698,構,5,304,152
槍,1699,槍,5,101,35
歉,1700,歉,5,43,38
滴,1701,滴,5,59,87
滷,1702,滷,5,7,4
漫,1703,漫,5,90,60
漲,1704,漲,5,35,52
盡,1705,盡,5,315,215
碟,1706,碟,5,14,5
窩,1707,窩,5,44,18
粽,1708,粽,5,5,8
維,1709,維,5,391,306
綿,1710,綿,5,28,43
罰,1711,罰,5,69,38
膀,1712,膀,5,70,19
蒸,1713,蒸,5,27,50
蜜,1714,蜜,5,59,55
製,1715,製,5,266,277
誌,1716,誌,5,79,77
豪,1717,豪,5,87,46
賓,1718,賓,5,69,106
趙,1719,趙,5,113,17
輔,1720,輔,5,79,53
遙,1721,遙,5,47,44
閣,1722,閣,5,68,13
閩,1723,閩,5,11,7
障,1724,障,5,100,121
鳳,1725,鳳,5,64,90
儀,1726,儀,5,106,84
儉,1727,儉,5,14,16
劉,1728,劉,5,243,123
劍,1729,劍,5,74,14
噴,1730,噴,5,40,118
墨,1731,墨,5,64,34
廢,1732,廢,5,78,141
彈,1733,彈,5,158,123
徵,1734,徵,5,138,76
慕,1735,慕,5,45,20
慧,1736,慧,5,166,148
慮,1737,慮,5,185,75
慰,1738,慰,5,65,42
憂,1739,憂,5,144,55
摩,1740,摩,5,124,79
撈,1741,撈,5,17,17
播,1742,播,5,91,130
暫,1743,暫,5,81,47
暴,1744,暴,5,165,141
潑,1745,潑,5,32,26
潔,1746,潔,5,68,74
潮,1747,潮,5,89,141
皺,1748,皺,5,33,8
稻,1749,稻,5,29,177
箭,1750,箭,5,62,18
糊,1751,糊,5,73,19
緣,1752,緣,5,119,142
編,1753,編,5,202,83
罷,1754,罷,5,73,15
膠,1755,膠,5,58,154
蓮,1756,蓮,5,69,124
蔬,1757,蔬,5,22,161
複,1758,複,5,181,97
諒,1759,諒,5,37,25
賭,1760,賭,5,50,25
趟,1761,趟,5,32,48
踩,1762,踩,5,29,39
輩,1763,輩,5,97,118
遭,1764,遭,5,173,135
遷,1765,遷,5,76,113
鄭,1766,鄭,5,101,35
銷,1767,銷,5,208,129
鋒,1768,鋒,5,37,37
閱,1769,閱,5,125,45
餘,1770,餘,5,162,85
駕,1771,駕,5,65,26
駛,1772,駛,5,44,20
儒,1773,儒,5,48,8
儘,1774,儘,5,112,49
墾,1775,墾,5,12,36
壁,1776,壁,5,87,68
奮,1777,奮,5,121,56
導,1778,導,5,527,391
憑,1779,憑,5,61,24
撿,1780,撿,5,28,69
擁,1781,擁,5,197,112
擇,1782,擇,5,210,170
擋,1783,擋,5,45,42
操,1784,操,5,202,57
曉,1785,曉,5,82,158
樸,1786,樸,5,28,33
橫,1787,橫,5,81,34
燃,1788,燃,5,43,62
燕,1789,燕,5,56,20
磨,1790,磨,5,85,56
積,1791,積,5,205,293
築,1792,築,5,92,156
膩,1793,膩,5,19,18
融,1794,融,5,94,129
螞,1795,螞,5,12,15
諧,1796,諧,5,27,15
謀,1797,謀,5,148,21
謂,1798,謂,5,191,215
輸,1799,輸,5,100,81
辨,1800,辨,5,59,30
遲,1801,遲,5,78,35
遵,1802,遵,5,51,20
遺,1803,遺,5,174,130
鋼,1804,鋼,5,74,57
錄,1805,錄,5,237,190
錦,1806,錦,5,47,12
雕,1807,雕,5,41,28
默,1808,默,5,165,109
優,1809,優,5,208,125
勵,1810,勵,5,114,125
嬰,1811,嬰,5,97,62
擊,1812,擊,5,317,214
擠,1813,擠,5,68,49
擦,1814,擦,5,62,64
檔,1815,檔,5,62,18
檢,1816,檢,5,161,150
濟,1817,濟,5,252,783
營,1818,營,5,318,282
獲,1819,獲,5,229,121
療,1820,療,5,297,242
瞧,1821,瞧,5,62,18
瞪,1822,瞪,5,35,4
瞭,1823,瞭,5,88,55
糟,1824,糟,5,73,40
縫,1825,縫,5,48,44
縮,1826,縮,5,91,81
縱,1827,縱,5,75,21
繁,1828,繁,5,70,100
臂,1829,臂,5,77,14
薄,1830,薄,5,66,53
虧,1831,虧,5,38,14
謊,1832,謊,5,36,14
謙,1833,謙,5,38,22
邀,1834,邀,5,70,79
鍊,1835,鍊,5,27,20
鍛,1836,鍛,5,14,9
餵,1837,餵,5,44,40
擴,1838,擴,5,114,88
擺,1839,擺,5,143,86
擾,1840,擾,5,97,61
歸,1841,歸,5,181,83
獵,1842,獵,5,77,22
糧,1843,糧,5,64,109
繞,1844,繞,5,83,42
藉,1845,藉,5,132,109
藏,1846,藏,5,205,198
蟲,1847,蟲,5,66,265
謹,1848,謹,5,50,22
蹟,1849,蹟,5,37,39
闖,1850,闖,5,25,11
鞭,1851,鞭,5,28,17
額,1852,額,5,103,41
鵝,1853,鵝,5,23,12
嚨,1854,嚨,5,15,6
寵,1855,寵,5,44,30
懶,1856,懶,5,35,23
懷,1857,懷,5,275,187
爆,1858,爆,5,77,115
獸,1859,獸,5,55,18
穩,1860,穩,5,116,132
穫,1861,穫,5,14,28
簿,1862,簿,5,17,18
繩,1863,繩,5,57,22
繪,1864,繪,5,64,56
繫,1865,繫,5,60,21
羅,1866,羅,5,471,267
蟻,1867,蟻,5,13,24
贈,1868,贈,5,28,25
贊,1869,贊,5,52,24
辭,1870,辭,5,77,21
鬍,1871,鬍,5,34,5
爐,1872,爐,5,48,39
礦,1873,礦,5,27,51
競,1874,競,5,127,52
觸,1875,觸,5,151,168
譯,1876,譯,5,120,19
贏,1877,贏,5,71,43
釋,1878,釋,5,254,125
飄,1879,飄,5,56,32
黨,1880,黨,5,180,133
屬,1881,屬,5,277,195
櫻,1882,櫻,5,14,38
爛,1883,爛,5,64,57
蘭,1884,蘭,5,303,406
襪,1885,襪,5,24,16
飆,1886,飆,5,8,15
魔,1887,魔,5,82,26
攤,1888,攤,5,40,41
灘,1889,灘,5,30,35
癮,1890,癮,5,24,6
籠,1891,籠,5,47,31
襯,1892,襯,5,28,6
驕,1893,驕,5,31,24
戀,1894,戀,5,76,22
顯,1895,顯,5,429,204
靈,1896,靈,5,319,151
鷹,1897,鷹,5,31,30
鑰,1898,鑰,5,31,7
驢,1899,驢,5,17,9
鑽,1900,鑽,5,50,37
乃,1901,乃,6,146,18
乞,1902,乞,6,18,8
丹,1903,丹,6,155,53
允,1904,允,6,87,12
兮,1905,兮,6,22,8
勻,1906,勻,6,8,17
勾,1907,勾,6,34,21
幻,1908,幻,6,81,17
扎,1909,扎,6,46,27
斗,1910,斗,6,37,31
曰,1911,曰,6,121,8
歹,1912,歹,6,10,6
氏,1913,氏,6,203,37
丘,1914,丘,6,62,22
占,1915,占,6,64,47
叨,1916,叨,6,11,3
奴,1917,奴,6,76,7
斥,1918,斥,6,48,14
甩,1919,甩,6,18,6
亦,1920,亦,6,159,12
伏,1921,伏,6,90,27
伐,1922,伐,6,48,30
兆,1923,兆,6,29,14
刑,1924,刑,6,78,25
劣,1925,劣,6,31,20
后,1926,后,6,175,11
吏,1927,吏,6,34,1
妄,1928,妄,6,29,9
旨,1929,旨,6,61,10
旬,1930,旬,6,12,14
朽,1931,朽,6,13,4
臣,1932,臣,6,220,14
佈,1933,佈,6,48,32
佑,1934,佑,6,13,15
卵,1935,卵,6,22,23
君,1936,君,6,177,80
吻,1937,吻,6,39,17
吼,1938,吼,6,35,4
吾,1939,吾,6,42,8
呂,1940,呂,6,55,20
呈,1941,呈,6,94,74
妒,1942,妒,6,27,5
妥,1943,妥,6,45,15
宏,1944,宏,6,34,36
尬,1945,尬,6,19,7
巡,1946,巡,6,58,46
廷,1947,廷,6,115,44
役,1948,役,6,59,11
忌,1949,忌,6,58,16
扯,1950,扯,6,42,19
抉,1951,抉,6,12,3
抑,1952,抑,6,68,28
旱,1953,旱,6,15,98
汰,1954,汰,6,10,8
沐,1955,沐,6,8,4
盯,1956,盯,6,44,12
禿,1957,禿,6,14,8
肖,1958,肖,6,15,8
肝,1959,肝,6,43,55
芒,1960,芒,6,27,22
辰,1961,辰,6,24,8
迅,1962,迅,6,58,28
併,1963,併,6,44,14
侈,1964,侈,6,8,4
卑,1965,卑,6,43,28
卓,1966,卓,6,51,12
坡,1967,坡,6,71,103
坦,1968,坦,6,97,122
奈,1969,奈,6,82,31
奉,1970,奉,6,101,50
妮,1971,妮,6,125,16
屈,1972,屈,6,57,17
披,1973,披,6,35,24
抹,1974,抹,6,36,19
押,1975,押,6,23,6
拋,1976,拋,6,50,19
拐,1977,拐,6,19,7
拓,1978,拓,6,33,46
旺,1979,旺,6,46,34
枉,1980,枉,6,13,6
析,1981,析,6,138,76
枚,1982,枚,6,18,8
歧,1983,歧,6,27,20
沫,1984,沫,6,15,10
沮,1985,沮,6,36,8
沸,1986,沸,6,13,8
泛,1987,泛,6,58,19
泣,1988,泣,6,31,4
玫,1989,玫,6,20,10
糾,1990,糾,6,35,14
股,1991,股,6,241,67
肪,1992,肪,6,21,22
芝,1993,芝,6,52,28
芹,1994,芹,6,7,17
采,1995,采,6,49,26
侮,1996,侮,6,14,2
侯,1997,侯,6,70,8
促,1998,促,6,92,42
俊,1999,俊,6,41,21
削,2000,削,6,32,27
勁,2001,勁,6,68,20
叛,2002,叛,6,55,12
咦,2003,咦,6,8,27
咪,2004,咪,6,37,80
咱,2005,咱,6,53,17
哄,2006,哄,6,16,4
垂,2007,垂,6,65,30
契,2008,契,6,52,46
屍,2009,屍,6,58,13
彥,2010,彥,6,13,28
怠,2011,怠,6,12,4
恆,2012,恆,6,40,41
恍,2013,恍,6,19,3
昭,2014,昭,6,50,15
枯,2015,枯,6,28,29
柄,2016,柄,6,15,5
柚,2017,柚,6,3,37
歪,2018,歪,6,25,8
洛,2019,洛,6,180,50
津,2020,津,6,57,13
洪,2021,洪,6,67,94
洽,2022,洽,6,17,6
牲,2023,牲,6,47,37
狠,2024,狠,6,48,8
玻,2025,玻,6,45,35
畏,2026,畏,6,36,11
疫,2027,疫,6,31,87
盼,2028,盼,6,31,22
砂,2029,砂,6,14,29
祈,2030,祈,6,36,47
竿,2031,竿,6,16,9
耍,2032,耍,6,29,13
胞,2033,胞,6,106,95
茂,2034,茂,6,29,21
范,2035,范,6,36,5
虐,2036,虐,6,30,14
衍,2037,衍,6,40,22
赴,2038,赴,6,40,11
趴,2039,趴,6,14,16
軌,2040,軌,6,34,41
陌,2041,陌,6,41,18
倚,2042,倚,6,22,5
倡,2043,倡,6,23,18
倫,2044,倫,6,203,61
兼,2045,兼,6,79,33
冤,2046,冤,6,24,6
凌,2047,凌,6,42,25
剔,2048,剔,6,13,4
剝,2049,剝,6,35,33
埔,2050,埔,6,19,57
娛,2051,娛,6,26,11
峽,2052,峽,6,19,44
悅,2053,悅,6,75,35
挫,2054,挫,6,63,38
振,2055,振,6,72,42
挺,2056,挺,6,59,34
挽,2057,挽,6,21,14
晃,2058,晃,6,54,27
柴,2059,柴,6,67,41
株,2060,株,6,20,40
栽,2061,栽,6,24,98
框,2062,框,6,27,20
梳,2063,梳,6,24,4
殊,2064,殊,6,87,89
氧,2065,氧,6,42,155
浮,2066,浮,6,80,61
浸,2067,浸,6,25,15
涉,2068,涉,6,76,31
涕,2069,涕,6,11,3
狹,2070,狹,6,30,13
疾,2071,疾,6,116,92
眠,2072,眠,6,82,55
矩,2073,矩,6,30,11
祕,2074,祕,6,85,40
秘,2075,秘,6,86,54
秦,2076,秦,6,111,8
秩,2077,秩,6,23,13
紋,2078,紋,6,39,28
索,2079,索,6,210,111
耕,2080,耕,6,40,196
耗,2081,耗,6,44,58
耽,2082,耽,6,11,6
脂,2083,脂,6,40,55
脅,2084,脅,6,53,68
脆,2085,脆,6,51,53
茫,2086,茫,6,29,16
荒,2087,荒,6,78,69
衰,2088,衰,6,48,28
衷,2089,衷,6,26,14
訊,2090,訊,6,274,120
貢,2091,貢,6,65,44
躬,2092,躬,6,18,5
辱,2093,辱,6,42,6
迴,2094,迴,6,63,37
逆,2095,逆,6,54,33
釘,2096,釘,6,27,20
飢,2097,飢/饑,6,31,28
饑,2097,飢/饑,6,31,28
側,2098,側,6,95,35
偵,2099,偵,6,31,15
勒,2100,勒,6,193,103
售,2101,售,6,92,50
啞,2102,啞,6,21,7
啟,2103,啟/啓,6,125,111
啓,2103,啟/啓,6,125,111
堵,2104,堵,6,17,12
奢,2105,奢,6,19,8
寂,2106,寂,6,55,20
崇,2107,崇,6,89,25
崩,2108,崩,6,39,51
庸,2109,庸,6,78,6
悉,2110,悉,6,74,40
患,2111,患,6,189,148
惋,2112,惋,6,5,2
惕,2113,惕,6,7,6
捧,2114,捧,6,28,7
掀,2115,掀,6,19,10
掏,2116,掏,6,23,13
掘,2117,掘,6,29,18
掙,2118,掙,6,37,20
措,2119,措,6,54,45
旋,2120,旋,6,74,44
晝,2121,晝,6,11,4
曹,2122,曹,6,183,17
桶,2123,桶,6,36,71
梁,2124,梁,6,58,36
械,2125,械,6,36,24
欸,2126,欸,6,3,11
涵,2127,涵,6,47,38
淑,2128,淑,6,14,31
淘,2129,淘,6,15,13
淪,2130,淪,6,17,10
烽,2131,烽,6,3,8
瓷,2132,瓷,6,22,17
疏,2133,疏,6,57,47
笛,2134,笛,6,21,4
紮,2135,紮,6,28,16
脖,2136,脖,6,33,6
脣,2137,脣/唇,6,38,16
唇,2137,脣/唇,6,38,16
荷,2138,荷,6,106,88
蚵,2139,蚵,6,4,4
蛀,2140,蛀,6,4,6
袍,2141,袍,6,25,5
袖,2142,袖,6,63,41
販,2143,販,6,33,27
貫,2144,貫,6,56,18
逍,2145,逍,6,11,1
逗,2146,逗,6,21,7
逝,2147,逝,6,46,12
郭,2148,郭,6,63,35
釣,2149,釣,6,31,18
陵,2150,陵,6,55,32
傍,2151,傍,6,22,11
凱,2152,凱,6,128,62
啼,2153,啼,6,15,3
喘,2154,喘,6,38,17
喚,2155,喚,6,52,17
喻,2156,喻,6,34,14
堡,2157,堡,6,53,31
堪,2158,堪,6,60,22
奠,2159,奠,6,17,6
婿,2160,婿,6,19,3
廂,2161,廂,6,23,9
廊,2162,廊,6,40,30
循,2163,循,6,68,63
惑,2164,惑,6,68,27
惠,2165,惠,6,55,118
惰,2166,惰,6,9,9
惶,2167,惶,6,18,6
慨,2168,慨,6,28,9
揀,2169,揀,6,7,1
揉,2170,揉,6,22,11
揭,2171,揭,6,37,22
斯,2172,斯,6,1044,529
晰,2173,晰,6,24,5
棕,2174,棕,6,16,8
殖,2175,殖,6,42,66
殼,2176,殼,6,29,45
毯,2177,毯,6,21,24
渾,2178,渾,6,39,6
湊,2179,湊,6,29,11
湧,2180,湧,6,42,26
滋,2181,滋,6,57,58
焰,2182,焰,6,12,4
猶,2183,猶,6,115,38
甥,2184,甥,6,8,3
痘,2185,痘,6,8,4
痣,2186,痣,6,2,1
睏,2187,睏,6,3,2
硯,2188,硯,6,5,5
稀,2189,稀,6,43,37
筒,2190,筒,6,32,35
翔,2191,翔,6,41,24
肅,2192,肅,6,59,50
脹,2193,脹,6,32,17
脾,2194,脾,6,47,27
腔,2195,腔,6,34,16
菌,2196,菌,6,58,104
菠,2197,菠,6,3,8
蛙,2198,蛙,6,25,34
裂,2199,裂,6,75,66
註,2200,註,6,201,10
詐,2201,詐,6,21,3
貶,2202,貶,6,21,7
辜,2203,辜,6,19,15
逮,2204,逮,6,30,11
雁,2205,雁,6,12,3
雇,2206,雇,6,27,14
飩,2207,飩,6,2,0
催,2208,催,6,37,21
債,2209,債,6,33,72
傾,2210,傾,6,118,37
募,2211,募,6,17,31
匯,2212,匯,6,29,24
嗓,2213,嗓,6,18,4
嗜,2214,嗜,6,16,4
嗦,2215,嗦,6,5,3
塌,2216,塌,6,16,34
塔,2217,塔,6,170,122
奧,2218,奧,6,139,59
媳,2219,媳,6,36,24
嫂,2220,嫂,6,23,8
嫉,2221,嫉,6,24,2
廈,2222,廈,6,16,8
彙,2223,彙,6,25,5
惹,2224,惹,6,38,8
愧,2225,愧,6,27,14
慈,2226,慈,6,114,565
搏,2227,搏,6,15,7
楓,2228,楓,6,6,10
楷,2229,楷,6,6,6
歇,2230,歇,6,50,10
殿,2231,殿,6,64,14
毀,2232,毀,6,71,61
溶,2233,溶,6,12,43
煞,2234,煞,6,18,12
煤,2235,煤,6,16,20
痴,2236,痴/癡,6,31,17
癡,2236,痴/癡,6,31,17
督,2237,督,6,103,35
碑,2238,碑,6,36,13
稚,2239,稚,6,26,18
粵,2240,粵,6,9,2
罩,2241,罩,6,30,29
聘,2242,聘,6,27,10
腹,2243,腹,6,66,26
萱,2244,萱,6,3,11
董,2245,董,6,81,31
葬,2246,葬,6,48,17
蒂,2247,蒂,6,120,31
蜀,2248,蜀,6,34,1
蜂,2249,蜂,6,34,41
裔,2250,裔,6,21,15
裕,2251,裕,6,42,18
詢,2252,詢,6,63,14
賂,2253,賂,6,6,2
賄,2254,賄,6,11,3
跤,2255,跤,6,6,2
跨,2256,跨,6,60,47
酬,2257,酬,6,27,10
鈴,2258,鈴,6,50,57
鉢,2259,鉢/缽,6,5,3
缽,2259,鉢/缽,6,5,3
靴,2260,靴,6,15,2
頌,2261,頌,6,18,5
頑,2262,頑,6,21,7
頒,2263,頒,6,24,12
鳩,2264,鳩,6,8,6
僕,2265,僕,6,39,5
僱,2266,僱,6,9,4
嗽,2267,嗽,6,10,9
塵,2268,塵,6,49,37
墊,2269,墊,6,30,15
壽,2270,壽,6,68,53
夥,2271,夥,6,66,37
奪,2272,奪,6,88,30
嫩,2273,嫩,6,22,35
寞,2274,寞,6,28,7
寡,2275,寡,6,37,8
寢,2276,寢,6,21,6
弊,2277,弊,6,17,7
徹,2278,徹,6,82,27
慘,2279,慘,6,69,56
慚,2280,慚,6,11,5
截,2281,截,6,44,40
摘,2282,摘,6,36,45
撤,2283,撤,6,44,35
暢,2284,暢,6,48,17
榜,2285,榜,6,29,19
滯,2286,滯,6,19,12
滲,2287,滲,6,14,20
漆,2288,漆,6,30,18
漏,2289,漏,6,36,33
漠,2290,漠,6,38,56
澈,2291,澈,6,9,9
獄,2292,獄,6,77,41
瑰,2293,瑰,6,21,11
監,2294,監,6,130,79
碧,2295,碧,6,36,16
碩,2296,碩,6,29,15
碳,2297,碳,6,16,187
綜,2298,綜,6,33,20
緒,2299,緒,6,255,69
翠,2300,翠,6,36,20
膏,2301,膏,6,21,17
蒙,2302,蒙,6,155,55
蒜,2303,蒜,6,13,15
蓄,2304,蓄,6,27,20
蓓,2305,蓓,6,16,2
裳,2306,裳,6,11,2
裹,2307,裹,6,25,8
誓,2308,誓,6,36,16
誘,2309,誘,6,51,25
誦,2310,誦,6,21,14
遛,2311,遛,6,1,2
遞,2312,遞,6,60,30
遣,2313,遣,6,39,15
酷,2314,酷,6,47,32
銘,2315,銘,6,19,46
閥,2316,閥,6,19,5
頗,2317,頗,6,73,8
魂,2318,魂,6,74,16
鳴,2319,鳴,6,50,18
嘮,2320,嘮,6,6,2
噁,2321,噁,6,9,7
墳,2322,墳,6,22,9
審,2323,審,6,85,20
履,2324,履,6,19,12
幟,2325,幟,6,8,4
憤,2326,憤,6,84,12
摯,2327,摯,6,11,4
撐,2328,撐,6,48,49
撒,2329,撒,6,55,54
撓,2330,撓,6,8,3
撕,2331,撕,6,21,18
撥,2332,撥,6,39,22
撫,2333,撫,6,70,20
撲,2334,撲,6,46,23
敷,2335,敷,6,14,9
樁,2336,樁,6,24,5
毅,2337,毅,6,32,32
潛,2338,潛,6,102,61
潰,2339,潰,6,34,12
澆,2340,澆,6,11,34
熬,2341,熬,6,26,22
璃,2342,璃,6,45,35
瞎,2343,瞎,6,19,3
磅,2344,磅,6,9,3
範,2345,範,6,158,146
篆,2346,篆,6,6,1
締,2347,締,6,11,7
緩,2348,緩,6,116,80
緻,2349,緻,6,27,22
蓬,2350,蓬,6,20,17
蔔,2351,蔔,6,15,65
蔣,2352,蔣,6,72,19
蔥,2353,蔥,6,21,23
褒,2354,褒,6,7,2
誼,2355,誼,6,31,26
賠,2356,賠,6,22,13
賢,2357,賢,6,60,34
賤,2358,賤,6,19,3
賦,2359,賦,6,47,14
踐,2360,踐,6,52,32
輝,2361,輝,6,43,37
遮,2362,遮,6,34,32
銳,2363,銳,6,43,12
霉,2364,霉,6,6,5
颳,2365,颳,6,6,3
駐,2366,駐,6,56,33
駝,2367,駝,6,17,10
魄,2368,魄,6,16,4
魅,2369,魅,6,26,8
魯,2370,魯,6,160,51
魷,2371,魷,6,4,2
鴉,2372,鴉,6,31,13
黎,2373,黎,6,65,47
凝,2374,凝,6,49,44
劑,2375,劑,6,67,121
噪,2376,噪,6,16,21
壇,2377,壇,6,36,10
憲,2378,憲,6,36,22
憶,2379,憶,6,190,102
憾,2380,憾,6,32,18
懈,2381,懈,6,14,7
懊,2382,懊,6,10,4
擂,2383,擂,6,5,1
擅,2384,擅,6,33,10
澤,2385,澤,6,83,37
濁,2386,濁,6,10,18
盧,2387,盧,6,39,35
瞞,2388,瞞,6,20,5
磚,2389,磚,6,25,47
禦,2390,禦,6,19,10
糗,2391,糗,6,2,6
縛,2392,縛,6,15,6
膨,2393,膨,6,15,15
艘,2394,艘,6,27,15
艙,2395,艙,6,16,4
蕩,2396,蕩,6,43,17
衡,2397,衡,6,103,74
諷,2398,諷,6,35,6
諾,2399,諾,6,163,72
豫,2400,豫,6,33,11
賴,2401,賴,6,127,110
踴,2402,踴,6,2,4
輯,2403,輯,6,80,37
頸,2404,頸,6,39,22
頻,2405,頻,6,57,58
餛,2406,餛,6,2,0
餡,2407,餡,6,9,5
龜,2408,龜,6,39,81
償,2409,償,6,27,11
儲,2410,儲,6,59,46
尷,2411,尷,6,19,7
嶼,2412,嶼,6,11,48
懇,2413,懇,6,24,5
擬,2414,擬,6,56,34
擱,2415,擱,6,20,10
濫,2416,濫,6,23,21
燥,2417,燥,6,22,31
燦,2418,燦,6,17,10
燭,2419,燭,6,23,12
癌,2420,癌,6,65,98
盪,2421,盪,6,33,34
禪,2422,禪,6,68,8
糙,2423,糙,6,11,16
艱,2424,艱,6,39,42
薑,2425,薑,6,16,20
薯,2426,薯,6,20,35
謠,2427,謠,6,20,12
趨,2428,趨,6,52,39
蹈,2429,蹈,6,26,30
邁,2430,邁,6,43,34
鍵,2431,鍵,6,108,63
闊,2432,闊,6,46,21
隱,2433,隱,6,149,47
隸,2434,隸,6,33,5
霜,2435,霜,6,18,30
鞠,2436,鞠,6,11,6
韓,2437,韓,6,77,134
黏,2438,黏,6,36,61
嚮,2439,嚮,6,14,12
嬸,2440,嬸,6,8,5
檬,2441,檬,6,7,13
檸,2442,檸,6,7,13
濾,2443,濾,6,11,31
瀑,2444,瀑,6,9,5
蟬,2445,蟬,6,9,8
覆,2446,覆,6,94,56
蹤,2447,蹤/踪,6,66,40
踪,2447,蹤/踪,6,66,40
雛,2448,雛,6,7,5
攀,2449,攀,6,32,24
曝,2450,曝,6,9,11
礙,2451,礙,6,102,63
繳,2452,繳,6,18,20
臘,2453,臘,6,39,41
譜,2454,譜,6,41,23
蹲,2455,蹲,6,24,14
轎,2456,轎,6,30,4
霧,2457,霧,6,55,67
韻,2458,韻,6,18,14
顛,2459,顛,6,29,14
鵲,2460,鵲,6,10,25
龐,2461,龐,6,56,33
懸,2462,懸,6,41,21
攔,2463,攔,6,19,15
獻,2464,獻,6,138,84
癢,2465,癢,6,19,12
籍,2466,籍,6,74,45
耀,2467,耀,6,44,16
蘇,2468,蘇,6,173,119
譬,2469,譬,6,33,112
躁,2470,躁,6,37,13
饒,2471,饒,6,21,8
騰,2472,騰,6,53,27
騷,2473,騷,6,27,4
懼,2474,懼,6,107,28
攝,2475,攝,6,93,136
欄,2476,欄,6,38,13
灌,2477,灌,6,35,69
犧,2478,犧,6,34,25
蠟,2479,蠟,6,21,18
蠢,2480,蠢,6,35,6
譽,2481,譽,6,44,18
躍,2482,躍,6,57,25
轟,2483,轟,6,38,16
辯,2484,辯,6,59,12
驅,2485,驅,6,52,27
囉,2486,囉,6,28,153
灑,2487,灑,6,31,58
疊,2488,疊,6,36,26
聾,2489,聾,6,11,3
臟,2490,臟,6,76,52
襲,2491,襲,6,59,65
顫,2492,顫,6,35,4
攪,2493,攪,6,17,27
竊,2494,竊,6,29,12
蘿,2495,蘿,6,44,69
釀,2496,釀,6,17,9
籬,2497,籬,6,13,8
蠻,2498,蠻,6,33,151
豔,2499,豔/艷,6,32,25
艷,2499,豔/艷,6,32,25
鬱,2500,鬱,6,89,21
刃,2501,刃,7,10,3
丐,2502,丐,7,15,5
丑,2503,丑,7,9,5
凶,2504,凶,7,40,5
叩,2505,叩,7,12,6
叭,2506,叭,7,12,7
囚,2507,囚,7,25,5
弘,2508,弘,7,24,10
扒,2509,扒,7,7,2
氾,2510,氾,7,5,8
玄,2511,玄,7,58,82
皿,2512,皿,7,4,4
矢,2513,矢,7,8,2
乒,2514,乒,7,3,2
乓,2515,乓,7,3,2
吊,2516,吊,7,33,26
奸,2517,奸,7,27,1
帆,2518,帆,7,15,16
弛,2519,弛,7,9,1
扛,2520,扛,7,15,15
伶,2521,伶,7,13,8
伺,2522,伺,7,13,2
佐,2523,佐,7,46,7
兌,2524,兌,7,8,6
刨,2525,刨,7,6,3
劫,2526,劫,7,30,20
吝,2527,吝,7,8,5
吟,2528,吟,7,29,5
坊,2529,坊,7,26,17
坎,2530,坎,7,26,16
坑,2531,坑,7,26,22
妓,2532,妓,7,19,5
妖,2533,妖,7,36,2
岔,2534,岔,7,8,4
庇,2535,庇,7,12,14
彷,2536,彷,7,92,23
扭,2537,扭,7,58,20
抒,2538,抒,7,9,5
杏,2539,杏,7,19,17
杖,2540,杖,7,19,7
汪,2541,汪,7,40,8
汲,2542,汲,7,14,11
沃,2543,沃,7,28,15
沛,2544,沛,7,20,18
灸,2545,灸,7,5,3
灼,2546,灼,7,10,2
罕,2547,罕,7,34,25
芋,2548,芋,7,12,26
迄,2549,迄,7,10,2
邦,2550,邦,7,76,37
邪,2551,邪,7,46,9
阱,2552,阱,7,16,8
侍,2553,侍,7,64,5
函,2554,函,7,20,6
卒,2555,卒,7,30,3
卦,2556,卦,7,18,8
卸,2557,卸,7,15,7
呵,2558,呵,7,38,16
呻,2559,呻,7,10,1
咀,2560,咀,7,7,4
咎,2561,咎,7,11,3
咒,2562,咒,7,26,4
咕,2563,咕,7,23,12
坤,2564,坤,7,12,22
坷,2565,坷,7,3,4
姆,2566,姆,7,136,21
帕,2567,帕,7,70,18
帖,2568,帖,7,16,8
弦,2569,弦,7,35,4
弧,2570,弧,7,7,6
彿,2571,彿,7,90,23
征,2572,征,7,61,10
忿,2573,忿,7,12,2
怯,2574,怯,7,16,2
拘,2575,拘,7,23,9
拙,2576,拙,7,16,2
昂,2577,昂,7,40,18
昆,2578,昆,7,30,41
氓,2579,氓,7,7,2
沼,2580,沼,7,10,11
泊,2581,泊,7,16,34
狐,2582,狐,7,51,2
疙,2583,疙,7,3,2
疚,2584,疚,7,14,5
祀,2585,祀,7,17,6
秉,2586,秉,7,13,9
肢,2587,肢,7,33,37
芭,2588,芭,7,36,40
亭,2589,亭,7,29,25
侶,2590,侶,7,27,14
侷,2591,侷,7,8,5
俄,2592,俄,7,63,101
俐,2593,俐,7,11,15
俘,2594,俘,7,18,2
俠,2595,俠,7,58,6
剎,2596,剎,7,17,9
勃,2597,勃,7,50,13
咽,2598,咽,7,15,3
垢,2599,垢,7,7,7
奕,2600,奕,7,20,6
姦,2601,姦,7,10,1
姪,2602,姪,7,13,3
屎,2603,屎,7,14,2
屏,2604,屏,7,29,35
徊,2605,徊,7,7,4
恤,2606,恤,7,9,3
拭,2607,拭,7,9,7
拯,2608,拯,7,16,22
拱,2609,拱,7,37,7
昧,2610,昧,7,18,8
柏,2611,柏,7,156,40
柵,2612,柵,7,8,7
殃,2613,殃,7,5,3
洩,2614,洩,7,35,26
洶,2615,洶,7,12,7
炫,2616,炫,7,12,9
狡,2617,狡,7,12,1
疤,2618,疤,7,13,8
盈,2619,盈,7,34,13
缸,2620,缸,7,23,10
耶,2621,耶,7,130,251
苔,2622,苔,7,8,9
苛,2623,苛,7,14,7
茁,2624,茁,7,5,8
茉,2625,茉,7,9,8
虹,2626,虹,7,17,7
貞,2627,貞,7,34,12
迪,2628,迪,7,134,44
陋,2629,陋,7,18,10
俯,2630,俯,7,21,5
倖,2631,倖,7,19,5
冥,2632,冥,7,19,7
凋,2633,凋,7,6,13
剖,2634,剖,7,17,19
匪,2635,匪,7,24,4
哩,2636,哩,7,48,14
哺,2637,哺,7,17,9
唆,2638,唆,7,5,2
埃,2639,埃,7,49,163
娟,2640,娟,7,5,16
屑,2641,屑,7,17,16
峭,2642,峭,7,9,6
恕,2643,恕,7,19,3
恥,2644,恥,7,29,4
挪,2645,挪,7,17,12
挾,2646,挾,7,10,5
捆,2647,捆,7,11,3
捏,2648,捏,7,25,17
栗,2649,栗,7,9,57
桑,2650,桑,7,60,20
殷,2651,殷,7,24,7
烊,2652,烊,7,2,2
烘,2653,烘,7,11,27
狸,2654,狸,7,18,2
狽,2655,狽,7,7,2
畔,2656,畔,7,13,13
畜,2657,畜,7,17,21
疹,2658,疹,7,12,3
眨,2659,眨,7,22,2
砥,2660,砥,7,3,1
砲,2661,砲,7,22,17
砸,2662,砸,7,16,7
祟,2663,祟,7,8,3
秤,2664,秤,7,6,12
紊,2665,紊,7,7,2
紐,2666,紐,7,84,43
紓,2667,紓,7,10,22
紗,2668,紗,7,19,18
紡,2669,紡,7,14,13
耘,2670,耘,7,5,22
脊,2671,脊,7,26,21
荊,2672,荊,7,29,5
荔,2673,荔,7,9,3
虔,2674,虔,7,14,19
蚤,2675,蚤,7,4,9
訕,2676,訕,7,4,1
豈,2677,豈,7,44,4
酌,2678,酌,7,9,2
陡,2679,陡,7,14,9
偽,2680,偽,7,41,7
兜,2681,兜,7,13,6
凰,2682,凰,7,13,4
勘,2683,勘,7,10,14
匿,2684,匿,7,13,4
啄,2685,啄,7,9,6
婉,2686,婉,7,18,5
屜,2687,屜,7,14,8
屠,2688,屠,7,25,13
崖,2689,崖,7,23,11
崗,2690,崗,7,19,15
巢,2691,巢,7,23,23
彬,2692,彬,7,11,2
徘,2693,徘,7,7,4
恿,2694,恿,7,5,1
悴,2695,悴,7,5,2
悼,2696,悼,7,10,6
惚,2697,惚,7,8,1
掠,2698,掠,7,21,6
敘,2699,敘,7,71,252
敝,2700,敝,7,6,1
斬,2701,斬,7,37,7
桿,2702,桿,7,29,16
梭,2703,梭,7,19,21
涮,2704,涮,7,2,1
涯,2705,涯,7,39,15
淆,2706,淆,7,10,3
淇,2707,淇,7,10,8
淒,2708,淒,7,14,3
淤,2709,淤,7,3,10
淫,2710,淫,7,18,4
淵,2711,淵,7,39,15
烹,2712,烹,7,12,20
猖,2713,猖,7,3,3
疵,2714,疵,7,7,3
痊,2715,痊,7,18,3
痔,2716,痔,7,7,1
眷,2717,眷,7,13,11
眺,2718,眺,7,8,1
窒,2719,窒,7,7,2
紳,2720,紳,7,16,2
絆,2721,絆,7,11,3
聆,2722,聆,7,24,6
舵,2723,舵,7,7,2
莖,2724,莖,7,11,20
莽,2725,莽,7,21,2
覓,2726,覓,7,15,11
訟,2727,訟,7,10,1
訣,2728,訣,7,23,14
豚,2729,豚,7,5,41
赦,2730,赦,7,11,2
趾,2731,趾,7,28,8
逞,2732,逞,7,8,3
酗,2733,酗,7,13,2
傀,2734,傀,7,3,1
傅,2735,傅,7,89,28
傑,2736,傑,7,179,27
傢,2737,傢,7,53,9
唾,2738,唾,7,8,4
喇,2739,喇,7,25,7
喧,2740,喧,7,14,4
喬,2741,喬,7,144,15
堤,2742,堤,7,20,29
媚,2743,媚,7,11,4
徨,2744,徨,7,5,3
揣,2745,揣,7,11,4
敞,2746,敞,7,18,5
敦,2747,敦,7,58,39
棗,2748,棗,7,13,21
棘,2749,棘,7,13,7
棚,2750,棚,7,18,37
棲,2751,棲,7,13,43
棺,2752,棺,7,19,4
渠,2753,渠,7,12,13
渣,2754,渣,7,7,28
渲,2755,渲,7,4,2
湃,2756,湃,7,4,2
溉,2757,溉,7,5,29
焚,2758,焚,7,17,18
琢,2759,琢,7,8,4
甦,2760,甦,7,10,11
窘,2761,窘,7,13,7
筍,2762,筍,7,16,58
絞,2763,絞,7,16,4
絮,2764,絮,7,5,2
腎,2765,腎,7,35,22
腕,2766,腕,7,19,6
菊,2767,菊,7,20,18
菲,2768,菲,7,93,59
萌,2769,萌,7,11,14
萍,2770,萍,7,8,8
萎,2771,萎,7,13,18
蛛,2772,蛛,7,17,11
袱,2773,袱,7,9,3
跛,2774,跛,7,7,2
軸,2775,軸,7,21,15
逸,2776,逸,7,34,17
鈍,2777,鈍,7,9,3
鈕,2778,鈕,7,15,4
鈣,2779,鈣,7,5,24
韌,2780,韌,7,13,12
飪,2781,飪,7,4,5
傭,2782,傭/佣,7,19,6
佣,2782,傭/佣,7,19,6
嗅,2783,嗅,7,17,8
嗆,2784,嗆,7,5,4
嗇,2785,嗇,7,4,3
嗚,2786,嗚,7,31,2
塘,2787,塘,7,21,10
徬,2788,徬,7,5,3
搓,2789,搓,7,14,18
搗,2790,搗,7,14,6
斟,2791,斟,7,8,2
暇,2792,暇,7,13,7
溢,2793,溢,7,19,11
溯,2794,溯,7,16,19
溺,2795,溺,7,15,6
滔,2796,滔,7,17,4
煌,2797,煌,7,15,24
煥,2798,煥,7,15,9
猾,2799,猾,7,8,1
猿,2800,猿,7,6,1
瑕,2801,瑕,7,9,3
瑞,2802,瑞,7,203,111
畸,2803,畸,7,6,3
痰,2804,痰,7,9,2
盞,2805,盞,7,13,4
睦,2806,睦,7,9,3
睫,2807,睫,7,5,2
睹,2808,睹,7,21,9
祿,2809,祿,7,36,13
禽,2810,禽,7,13,20
稠,2811,稠,7,6,10
窟,2812,窟,7,11,31
肆,2813,肆,7,20,13
腥,2814,腥,7,10,10
艇,2815,艇,7,17,7
葛,2816,葛,7,140,17
虜,2817,虜,7,10,2
詭,2818,詭,7,26,3
賃,2819,賃,7,2,1
逾,2820,逾,7,8,2
鉅,2821,鉅,7,16,6
馳,2822,馳,7,22,8
馴,2823,馴,7,13,3
僥,2824,僥,7,5,2
凳,2825,凳,7,15,4
嘉,2826,嘉,7,81,77
嘍,2827,嘍,7,5,1
嘔,2828,嘔,7,15,4
墅,2829,墅,7,11,3
寨,2830,寨,7,40,44
屢,2831,屢,7,22,6
嶄,2832,嶄,7,12,7
廓,2833,廓,7,10,4
彰,2834,彰,7,32,32
慷,2835,慷,7,13,6
摟,2836,摟,7,9,1
摧,2837,摧,7,17,15
摺,2838,摺,7,26,15
撇,2839,撇,7,9,8
榷,2840,榷,7,2,1
漓,2841,漓,7,7,2
熄,2842,熄,7,13,8
爾,2843,爾,7,794,300
瑣,2844,瑣,7,14,4
甄,2845,甄,7,14,1
瘓,2846,瘓,7,6,8
瞄,2847,瞄,7,18,5
磁,2848,磁,7,27,20
竭,2849,竭,7,30,12
箏,2850,箏,7,11,3
粹,2851,粹,7,31,13
綱,2852,綱,7,29,8
綴,2853,綴,7,7,3
綵,2854,綵,7,2,1
綻,2855,綻,7,12,5
綽,2856,綽,7,11,4
膊,2857,膊,7,5,1
舔,2858,舔,7,10,1
蒼,2859,蒼,7,47,18
蜘,2860,蜘,7,13,9
蝕,2861,蝕,7,11,25
裸,2862,裸,7,19,8
誣,2863,誣,7,8,1
誨,2864,誨,7,8,4
輒,2865,輒,7,8,3
遜,2866,遜,7,46,22
鄙,2867,鄙,7,15,1
酵,2868,酵,7,16,56
銜,2869,銜,7,22,7
隙,2870,隙,7,14,14
雌,2871,雌,7,12,16
餌,2872,餌,7,9,4
駁,2873,駁,7,26,7
髦,2874,髦,7,8,3
魁,2875,魁,7,13,5
僵,2876,僵,7,35,13
僻,2877,僻,7,12,9
劈,2878,劈,7,17,3
嘩,2879,嘩,7,15,2
嘯,2880,嘯,7,12,69
嘲,2881,嘲,7,30,4
嘻,2882,嘻,7,17,7
嘿,2883,嘿,7,17,12
噓,2884,噓,7,12,6
墜,2885,墜,7,22,6
墟,2886,墟,7,7,8
墮,2887,墮,7,16,2
嬉,2888,嬉,7,11,4
嬌,2889,嬌,7,22,18
慫,2890,慫,7,5,1
慾,2891,慾,7,49,13
憔,2892,憔,7,5,2
憧,2893,憧,7,4,4
憬,2894,憬,7,5,4
撩,2895,撩,7,7,3
撰,2896,撰,7,34,14
暮,2897,暮,7,12,3
槳,2898,槳,7,6,2
槽,2899,槽,7,16,26
樑,2900,樑,7,14,16
歎,2901,歎,7,30,4
毆,2902,毆,7,8,1
潤,2903,潤,7,48,32
潦,2904,潦,7,5,1
潭,2905,潭,7,18,14
澄,2906,澄,7,17,12
澎,2907,澎,7,10,44
獗,2908,獗,7,2,3
瑩,2909,瑩,7,40,3
瘟,2910,瘟,7,6,3
瘡,2911,瘡,7,17,15
瘤,2912,瘤,7,19,16
瘩,2913,瘩,7,4,2
瞇,2914,瞇,7,8,2
瞌,2915,瞌,7,5,4
稿,2916,稿,7,57,22
穀,2917,穀,7,38,44
緝,2918,緝,7,7,10
翩,2919,翩,7,9,2
膜,2920,膜,7,32,23
膝,2921,膝,7,46,12
舖,2922,舖/鋪,7,70,44
鋪,2922,舖/鋪,7,70,44
蔑,2923,蔑,7,11,2
蔗,2924,蔗,7,11,16
蔭,2925,蔭,7,13,7
蔽,2926,蔽,7,16,9
蝴,2927,蝴,7,17,32
蝶,2928,蝶,7,25,47
蝸,2929,蝸,7,3,7
螂,2930,螂,7,5,11
誹,2931,誹,7,3,0
諂,2932,諂,7,4,1
諸,2933,諸,7,197,28
豎,2934,豎,7,18,7
賜,2935,賜,7,54,16
輟,2936,輟,7,6,7
醇,2937,醇,7,19,18
鋁,2938,鋁,7,6,15
鞏,2939,鞏,7,13,6
餒,2940,餒,7,4,3
憩,2941,憩,7,4,4
撼,2942,撼,7,17,20
橙,2943,橙,7,6,6
橡,2944,橡,7,19,11
澳,2945,澳,7,21,60
燉,2946,燉,7,8,4
穎,2947,穎,7,12,24
窺,2948,窺,7,19,6
篩,2949,篩,7,12,15
罹,2950,罹,7,23,43
蕭,2951,蕭,7,52,19
螃,2952,螃,7,5,3
螢,2953,螢,7,23,68
褪,2954,褪,7,12,5
覦,2955,覦,7,3,1
諜,2956,諜,7,11,1
諮,2957,諮,7,32,8
蹄,2958,蹄,7,12,5
輻,2959,輻,7,7,39
遼,2960,遼,7,32,5
錫,2961,錫,7,20,11
隧,2962,隧,7,7,10
霍,2963,霍,7,57,11
頰,2964,頰,7,20,3
頹,2965,頹,7,9,4
餚,2966,餚,7,6,6
駭,2967,駭,7,15,3
鴛,2968,鴛,7,7,1
鴦,2969,鴦,7,6,1
儡,2970,儡,7,3,1
嚀,2971,嚀,7,6,9
嚏,2972,嚏,7,4,3
嶺,2973,嶺,7,30,24
彌,2974,彌,7,54,29
懦,2975,懦,7,9,1
擎,2976,擎,7,20,9
斃,2977,斃,7,12,5
濛,2978,濛,7,8,3
濤,2979,濤,7,13,7
濱,2980,濱,7,19,11
燴,2981,燴,7,2,1
爵,2982,爵,7,100,3
瞬,2983,瞬,7,34,21
矯,2984,矯,7,15,12
礁,2985,礁,7,8,40
篷,2986,篷,7,15,3
糞,2987,糞,7,14,10
繃,2988,繃,7,19,11
翼,2989,翼,7,53,20
聳,2990,聳,7,32,8
膿,2991,膿,7,6,2
蕾,2992,蕾,7,22,12
薦,2993,薦/荐,7,52,14
荐,2993,薦/荐,7,52,14
蟑,2994,蟑,7,3,10
覬,2995,覬,7,3,1
謗,2996,謗,7,6,1
豁,2997,豁,7,9,6
輾,2998,輾,7,9,8
輿,2999,輿,7,13,6
轄,3000,轄,7,13,3
醞,3001,醞,7,6,3
鍾,3002,鍾,7,34,10
霞,3003,霞,7,12,9
鮪,3004,鮪,7,4,1
鮭,3005,鮭,7,3,19
齋,3006,齋,7,19,36
叢,3007,叢,7,64,18
壘,3008,壘,7,28,6
擲,3009,擲,7,14,4
朦,3010,朦,7,7,2
濺,3011,濺,7,8,2
瀉,3012,瀉,7,18,5
璧,3013,璧,7,5,2
癒,3014,癒,7,49,20
癖,3015,癖,7,8,1
竄,3016,竄,7,19,6
竅,3017,竅,7,16,8
繡,3018,繡,7,27,9
翹,3019,翹,7,15,11
贅,3020,贅,7,8,1
蹦,3021,蹦,7,10,9
軀,3022,軀,7,19,6
轍,3023,轍,7,10,4
釐,3024,釐,7,17,13
魏,3025,魏,7,92,18
壟,3026,壟,7,9,3
懲,3027,懲,7,34,10
攏,3028,攏,7,17,6
曠,3029,曠,7,12,8
櫥,3030,櫥,7,13,5
瀕,3031,瀕,7,8,18
瀟,3032,瀟,7,7,2
爍,3033,爍,7,12,3
瓣,3034,瓣,7,10,4
疆,3035,疆,7,27,17
矇,3036,矇,7,5,2
禱,3037,禱,7,34,28
簷,3038,簷,7,7,4
簾,3039,簾,7,22,10
繭,3040,繭,7,8,7
羹,3041,羹,7,8,3
藤,3042,藤,7,63,14
蟹,3043,蟹,7,17,9
蠅,3044,蠅,7,13,11
襟,3045,襟,7,13,3
譁,3046,譁,7,4,1
譏,3047,譏,7,10,1
蹺,3048,蹺,7,6,4
鏟,3049,鏟,7,7,6
鯨,3050,鯨,7,11,33
嚷,3051,嚷,7,19,2
嚼,3052,嚼,7,17,9
壤,3053,壤,7,13,90
朧,3054,朧,7,7,1
瀰,3055,瀰,7,11,7
癥,3056,癥,7,7,3
礪,3057,礪,7,2,1
籌,3058,籌,7,37,22
糯,3059,糯,7,7,11
繽,3060,繽,7,5,7
艦,3061,艦,7,29,17
藹,3062,藹,7,6,1
藻,3063,藻,7,8,34
蘆,3064,蘆,7,27,19
辮,3065,辮,7,9,3
饋,3066,饋,7,23,30
馨,3067,馨,7,19,22
齣,3068,齣,7,12,9
攜,3069,攜,7,26,24
纏,3070,纏,7,42,10
譴,3071,譴,7,10,10
贓,3072,贓,7,6,1
闢,3073,闢,7,14,9
霸,3074,霸,7,60,18
饗,3075,饗,7,3,3
鶯,3076,鶯,7,7,4
鶴,3077,鶴,7,20,8
黯,3078,黯,7,10,2
囊,3079,囊,7,28,15
鑄,3080,鑄,7,12,4
鑑,3081,鑑/鑒,7,44,27
鑒,3081,鑑/鑒,7,44,27
鬚,3082,鬚,7,16,7
籤,3083,籤,7,21,18
纖,3084,纖,7,28,51
邏,3085,邏,7,44,16
髓,3086,髓,7,18,12
鱗,3087,鱗,7,9,3
囑,3088,囑,7,25,2
攬,3089,攬,7,13,4
癱,3090,癱,7,12,9
矗,3091,矗,7,4,4
蠶,3092,蠶,7,9,6
驟,3093,驟,7,40,26
釁,3094,釁,7,8,9
鑲,3095,鑲,7,14,5
顱,3096,顱,7,8,2
矚,3097,矚,7,7,10
纜,3098,纜,7,6,9
鑼,3099,鑼,7,9,7
籲,3100,籲,7,10,34
