ID,Traditional,Level,WritingFreq,SpeakingFreq
1,的,1,40289,43113
2,是,1,15019,23520
3,一,1,16218,17583
4,個,1,6511,13886
5,我,1,11260,19178
6,有,1,9868,13459
7,不,1,12381,11496
8,也,1,4277,5017
9,們,1,5759,12063
10,你,1,4021,6673
11,都,1,3083,4817
12,說,1,4773,5478
13,要,1,4559,7985
14,人,1,9577,6851
15,對,1,3601,4994
16,很,1,2335,5619
17,來,1,6026,9074
18,和,1,3793,1636
19,她,1,3052,1669
20,好,1,2789,6060
21,以,1,5037,8689
22,年,1,3252,3635
23,到,1,5754,6949
24,沒,1,2614,3630
25,大,1,5469,6140
26,去,1,2486,4002
27,他,1,9004,6508
28,做,1,1623,3024
29,看,1,2610,4194
30,兩,1,1519,1365
31,後,1,3500,4810
32,什,1,1413,2339
33,麼,1,2631,4938
34,時,1,4965,5039
35,候,1,744,3024
36,台/臺,1,837,1675
37,多,1,2774,4073
38,用,1,2429,2909
39,想,1,2497,2440
40,現,1,2233,2830
41,天,1,2519,3034
42,前,1,1955,1772
43,可,1,4226,5726
44,能,1,3777,3662
45,月,1,891,833
46,小,1,2483,2805
47,知,1,1871,1408
48,道,1,2349,1864
49,家,1,3026,4161
50,嗎,1,606,1171
51,問,1,1565,1256
52,新,1,1171,1008
53,給,1,1119,1294
54,呢,1,511,1191
55,三,1,1834,1217
56,位,1,1282,1088
57,吃,1,632,1413
58,元,1,514,278
59,工,1,1251,1616
60,日,1,1372,773
61,子,1,4259,3724
62,歲,1,412,385
63,灣,1,382,1050
64,太,1,1469,1149
65,東,1,885,1286
66,西,1,1127,1407
67,媽,1,514,1766
68,老,1,1472,1717
69,師,1,835,1726
70,怎,1,561,1381
71,幾,1,1048,888
72,高,1,1390,1387
73,妳,1,301,1161
74,學,1,3074,2471
75,生,1,4305,4125
76,美,1,1162,1217
77,國,1,2757,3093
78,今,1,554,1076
79,本,1,1832,1440
80,中,1,4383,2600
81,水,1,951,2442
82,書,1,1133,665
83,吧,1,466,498
84,愛,1,889,821
85,帶,1,764,963
86,起,1,2131,1993
87,請,1,499,546
88,走,1,1074,859
89,二,1,1758,882
90,喜,1,589,538
91,歡,1,464,640
92,外,1,1366,1453
93,點,1,1557,1814
94,話,1,1290,1462
95,四,1,1141,688
96,昨,1,56,60
97,校,1,380,484
98,找,1,671,577
99,叫,1,582,634
100,分,1,1887,1845
101,爸,1,274,1017
102,朋,1,362,690
103,友,1,535,874
104,寫,1,635,423
105,聽,1,985,650
106,買,1,288,380
107,五,1,1109,648
108,先,1,1287,960
109,半,1,449,388
110,錢,1,418,509
111,您,1,224,510
112,車,1,773,715
113,誰,1,293,189
114,打,1,1078,804
115,拿,1,421,522
116,路,1,787,744
117,快,1,719,840
118,哪,1,372,518
119,十,1,2241,1281
120,謝,1,233,933
121,坐,1,416,221
122,少,1,883,887
123,久,1,395,293
124,字,1,642,353
125,六,1,739,406
126,喝,1,209,239
127,裡/裏,1,2377,3126
128,兒,1,1198,508
129,同,1,1896,1301
130,早,1,542,526
131,女,1,1289,505
132,七,1,647,318
133,晚,1,379,270
134,上,1,5321,4322
135,八,1,766,383
136,英,1,402,308
137,下,1,3238,3347
138,午,1,162,128
139,茶,1,138,600
140,姐,1,273,71
141,電,1,974,971
142,百,1,765,646
143,手,1,1489,1037
144,機,1,1062,1293
145,名,1,1080,569
146,號,1,279,341
147,哥,1,305,353
148,法,1,2010,1582
149,千,1,420,454
150,九,1,1027,227
151,咖,1,67,106
152,啡,1,63,95
153,妹,1,187,170
154,飯,1,203,254
155,弟,1,306,219
156,明,1,1369,816
157,覺,1,1129,2274
158,再,1,1158,1372
159,見,1,1334,505
160,姓,1,147,50
161,星,1,357,201
162,期,1,863,732
163,安,1,901,722
164,又,1*,1436,993
165,口,1*,849,530
166,山,1*,938,911
167,己,1*,1888,1562
168,公,1*,1497,1137
169,心,1*,2896,2373
170,文,1*,1372,822
171,方,1*,2223,2251
172,比,1*,1258,2260
173,火,1*,378,447
174,牛,1*,221,146
175,王,1*,848,334
176,出,1*,3762,2530
177,包,1*,480,571
178,句,1*,280,195
179,只,1*,1917,1473
180,右,1*,218,183
181,奶,1*,144,140
182,它,1*,1051,3701
183,左,1*,239,169
184,白,1*,839,466
185,件,1*,724,518
186,休,1*,196,177
187,共,1*,405,339
188,因,1*,2341,3446
189,在,1*,9740,10280
190,地,1*,3433,3608
191,自,1*,3744,2738
192,衣,1*,285,287
193,住,1*,711,521
194,別,1*,1018,887
195,每,1*,934,1189
196,男,1*,497,160
197,那,1*,2986,7117
198,事,1*,2884,1901
199,些,1*,1995,2503
200,店,1*,261,127
201,念,1*,475,468
202,房,1*,488,310
203,所,1*,2705,4609
204,服,1*,556,476
205,杯,1*,100,106
206,果,1*,1623,1945
207,枝,1*,88,66
208,玩,1*,276,345
209,空,1*,572,557
210,花,1*,703,729
211,長,1*,1669,1512
212,門,1*,863,375
213,雨,1*,168,533
214,非,1*,891,1278
215,室,1*,344,272
216,為,1*,5510,5496
217,紅,1*,353,338
218,面,1*,1881,3120
219,風,1*,598,887
220,飛,1*,367,191
221,息,1*,380,237
222,氣,1*,1065,1323
223,真/眞,1*,1224,1730
224,馬,1*,864,621
225,唸,1*,43,76
226,夠,1*,409,964
227,常,1*,1545,2330
228,張,1*,752,425
229,得,1*,3663,3765
230,從,1*,1814,1623
231,教,1*,1226,1281
232,這,1*,7779,15333
233,就,1*,4932,11918
234,最,1*,1863,2115
235,短,1*,195,146
236,開,1*,2140,2258
237,黑,1*,366,238
238,塊,1*,209,436
239,會,1*,4808,6830
240,跟,1*,728,2671
241,過,1*,3355,3330
242,樂,1*,682,473
243,樣,1*,1963,4443
244,頭,1*,1539,855
245,還,1*,2108,3489
246,鐘,1*,229,138
247,了,2,9197,8762
248,讓,2,1428,1885
249,把,2,1851,1906
250,刀,2,148,94
251,已,2,1354,1261
252,才,2,1220,1166
253,化,2,1035,1254
254,片,2,505,437
255,冬,2,84,192
256,功,2,590,400
257,加,2,1009,1161
258,北,2,511,747
259,司,2,667,154
260,市,2,486,489
261,平,2,758,841
262,末,2,108,65
263,正,2,1568,841
264,瓜,2,74,189
265,交,2,515,375
266,全,2,1277,1516
267,冰,2,115,237
268,各,2,668,631
269,回,2,1506,1407
270,如,2,2847,2137
271,忙,2,279,355
272,成,2,2870,2823
273,肉,2,230,124
274,色,2,770,774
275,行,2,1911,1295
276,但,2,2297,1858
277,作,2,2189,1874
278,冷,2,220,296
279,希,2,468,705
280,床/牀,2,180,98
281,忘,2,185,126
282,更,2,1208,1154
283,汽,2,100,63
284,言,2,678,211
285,身,2,1501,922
286,始,2,771,1048
287,定,2,1699,1403
288,宜,2,97,126
289,往,2,728,473
290,怕,2,352,339
291,或,2,1647,1154
292,放,2,784,910
293,易,2,458,386
294,狗,2,184,103
295,直,2,890,889
296,迎,2,126,240
297,近,2,555,629
298,亮,2,256,287
299,便,2,852,334
300,係,2,402,368
301,信,2,1037,450
302,南,2,523,638
303,孩,2,1231,1147
304,客,2,448,301
305,思,2,747,521
306,春,2,183,174
307,洗,2,140,332
308,活,2,1185,1103
309,相,2,1413,953
310,秋,2,99,109
311,穿,2,279,214
312,計,2,658,554
313,重,2,1524,1633
314,音,2,556,322
315,香,2,252,324
316,哭,2,162,96
317,夏,2,167,201
318,容,2,600,504
319,差,2,304,408
320,旁,2,227,164
321,旅,2,181,157
322,桌,2,156,88
323,海,2,639,1121
324,特,2,1154,862
325,班,2,249,443
326,病,2,637,770
327,站,2,347,235
328,笑,2,522,208
329,紙,2,190,230
330,送,2,301,326
331,院,2,449,368
332,隻,2,268,199
333,動,2,1914,1847
334,唱,2,150,119
335,啊,2,321,1884
336,情,2,1803,1397
337,接,2,1042,936
338,望,2,738,788
339,條,2,509,363
340,球,2,449,707
341,眼,2,813,352
342,票,2,112,84
343,第,2,1183,1013
344,累,2,117,163
345,習,2,607,604
346,蛋,2,137,111
347,袋,2,118,123
348,部,2,1244,1184
349,魚,2,256,230
350,單,2,482,491
351,場,2,830,803
352,椅,2,89,45
353,渴,2,64,25
354,然,2,2847,4070
355,畫,2,470,530
356,筆,2,238,126
357,等,2,1226,896
358,舒,2,103,110
359,菜,2,168,551
360,視,2,571,430
361,貴,2,218,205
362,跑,2,407,253
363,進,2,1460,1189
364,間,2,1703,1559
365,黃,2,320,304
366,園,2,226,371
367,意,2,1948,1187
368,準,2,408,364
369,照,2,464,529
370,當,2,2369,2433
371,睛,2,179,81
372,筷,2,8,59
373,經,2,2234,2473
374,腦,2,605,231
375,腳,2,377,273
376,萬,2,581,562
377,試,2,391,356
378,跳,2,218,128
379,較,2,549,1476
380,運,2,586,501
381,飽,2,51,93
382,像,2,1284,2012
383,圖,2,430,255
384,慢,2,305,648
385,歌,2,201,134
386,漂,2,79,194
387,睡,2,261,201
388,種,2,1895,2766
389,綠,2,112,295
390,認,2,1058,655
391,語,2,494,322
392,遠,2,536,358
393,鼻,2,85,37
394,嘴,2,179,67
395,影,2,755,711
396,樓,2,203,120
397,熱,2,353,530
398,練,2,328,266
399,課,2,288,396
400,豬,2,70,42
401,賣,2,204,229
402,餓,2,53,57
403,樹,2,306,464
404,糕,2,51,45
405,興,2,485,325
406,貓,2,67,71
407,錯,2,418,468
408,餐,2,203,243
409,館,2,211,125
410,網,2,252,172
411,辦,2,484,655
412,幫,2,424,853
413,懂,2,169,181
414,應,2,1205,1026
415,聲,2,903,366
416,臉,2,317,120
417,禮,2,292,274
418,轉,2,553,397
419,醫,2,537,695
420,雙,2,339,168
421,雞/鷄,2,129,71
422,離,2,570,423
423,題,2,993,958
424,顏,2,97,117
425,藥,2,310,355
426,識,2,600,350
427,邊,2,779,1425
428,關,2,1358,1070
429,難,2,796,920
430,麵/麪,2,85,118
431,體,2,1265,1062
432,廳,2,126,76
433,力,2*,1987,1496
434,內,2*,980,636
435,巴,2*,386,433
436,斤,2*,40,110
437,木,2*,298,260
438,毛,2*,227,108
439,父,2*,721,360
440,牙,2*,136,175
441,卡,2*,333,166
442,必,2*,849,386
443,母,2*,765,363
444,玉,2*,158,210
445,田,2*,250,438
446,石,2*,411,399
447,光,2*,712,609
448,向,2*,1041,406
449,收,2*,434,937
450,次,2*,1088,1189
451,米,2*,295,351
452,羊,2*,89,57
453,伯,2*,212,177
454,吵,2*,61,80
455,址,2*,27,29
456,完,2*,808,784
457,局,2*,224,173
458,李,2*,406,208
459,豆,2*,87,160
460,其,2*,1855,2668
461,拍,2*,145,185
462,林,2*,430,481
463,河,2*,279,339
464,泳,2*,25,35
465,物,2*,1143,1533
466,表,2*,1016,725
467,金,2*,734,521
468,青,2*,299,254
469,屋,2*,210,143
470,故,2*,514,306
471,原,2*,923,899
472,租,2*,46,49
473,草,2*,253,395
474,記,2*,726,551
475,停,2*,305,201
476,處,2*,941,536
477,許,2*,945,516
478,貨,2*,115,97
479,通,2*,748,614
480,雪,2*,152,145
481,喂,2*,16,18
482,換,2*,246,241
483,景,2*,268,226
484,游,2*,90,134
485,發,2*,2290,2174
486,結,2*,989,712
487,華,2*,452,186
488,著/着,2*,3225,1496
489,街,2*,155,127
490,詞,2*,154,57
491,越,2*,466,672
492,週,2*,136,71
493,郵,2*,58,20
494,陽,2*,314,279
495,搬,2*,78,94
496,爺,2*,166,175
497,節,2*,407,551
498,該,2*,817,783
499,境,2*,407,644
500,滿,2*,654,527
501,算,2*,454,413
502,燈,2*,138,181
503,糖,2*,83,117
504,親,2*,1059,550
505,入,3,914,800
506,叉,3,26,19
507,介,3,175,169
508,戶,3,221,160
509,支,3,300,307
510,世,3,939,828
511,付,3,166,141
512,另,3,497,378
513,巧,3,162,127
514,汁,3,38,33
515,皮,3,290,180
516,立,3,917,516
517,丟,3,90,108
518,合,3,879,824
519,朵/朶,3,104,44
520,死,3,752,347
521,汗,3,94,82
522,考,3,503,384
523,而,3,3638,2211
524,耳,3,171,126
525,低,3,325,338
526,克,3,829,340
527,利,3,947,898
528,助,3,462,562
529,努,3,196,197
530,呀,3,165,223
531,告,3,727,404
532,弄,3,144,103
533,折,3,144,91
534,步,3,566,378
535,決,3,635,402
536,沙,3,187,239
537,究,3,730,351
538,肚,3,79,69
539,足,3,420,300
540,例,3,497,262
541,刷,3,42,58
542,刻,3,415,213
543,叔,3,81,161
544,周,3,249,164
545,味,3,301,300
546,夜,3,287,128
547,奇,3,435,255
548,姊,3,79,383
549,居,3,325,303
550,怪,3,277,154
551,拉,3,666,552
552,油,3,172,376
553,注,3,407,263
554,爬,3,112,69
555,舍,3,48,49
556,阿,3,506,803
557,附,3,168,128
558,冒,3,121,62
559,哇,3,28,155
560,城,3,454,236
561,封,3,211,84
562,度,3,1127,1357
563,急,3,246,156
564,拜,3,175,309
565,查,3,304,245
566,洋,3,189,189
567,流,3,577,649
568,界,3,625,706
569,研,3,661,358
570,背,3,299,227
571,胖,3,42,51
572,苦,3,369,510
573,訂,3,86,55
574,食,3,383,702
575,借,3,84,80
576,剛,3,347,1232
577,員,3,772,432
578,套,3,165,102
579,浴,3,38,17
580,消,3,396,343
581,留,3,380,321
582,破,3,279,239
583,祝,3,49,97
584,級,3,235,217
585,臭,3,44,47
586,酒,3,306,60
587,乾,3,238,385
588,假,3,338,233
589,健,3,235,352
590,務,3,464,372
591,匙,3,43,12
592,參,3,407,316
593,商,3,427,207
594,啦,3,184,801
595,婚,3,269,132
596,宿,3,53,47
597,寄,3,76,49
598,康,3,353,300
599,捷,3,49,26
600,掉,3,304,528
601,排,3,294,295
602,清,3,801,490
603,瓶,3,70,135
604,甜,3,74,107
605,畢,3,191,143
606,盒,3,46,46
607,笨,3,40,20
608,紹,3,105,128
609,統,3,601,534
610,船,3,194,121
611,莓,3,11,18
612,被,3,1315,871
613,逛,3,21,20
614,陪,3,85,139
615,鳥,3,140,145
616,麻,3,173,157
617,備,3,436,363
618,報,3,535,344
619,帽,3,53,23
620,提,3,941,644
621,敢,3,223,135
622,湯,3,201,107
623,無,3,1901,739
624,程,3,702,673
625,窗,3,131,51
626,答,3,396,173
627,訴,3,411,266
628,超,3,286,308
629,隊,3,337,265
630,飲,3,121,133
631,傳,3,694,559
632,感,3,1340,1397
633,楚,3,263,142
634,業,3,1091,991
635,概,3,223,599
636,溫,3,240,568
637,矮,3,34,16
638,碗,3,57,63
639,裙,3,22,7
640,裝,3,313,267
641,遊,3,226,230
642,慣,3,155,183
643,精,3,541,330
644,緊,3,333,222
645,聞,3,196,155
646,腿,3,106,31
647,舞,3,183,166
648,趕,3,197,259
649,輕,3,553,405
650,辣,3,24,36
651,酸,3,83,139
652,銀,3,200,104
653,需,3,607,513
654,餃,3,5,5
655,餅,3,75,42
656,廚,3,68,67
657,瘦,3,46,26
658,盤,3,149,82
659,碼,3,80,47
660,箱,3,88,71
661,趣,3,255,209
662,踢,3,38,12
663,輛,3,63,33
664,鞋,3,108,89
665,髮,3,146,70
666,鬧,3,95,49
667,澡,3,29,32
668,蕉,3,18,59
669,褲,3,47,18
670,選,3,441,442
671,龍,3,266,176
672,戲,3,219,143
673,戴,3,134,68
674,總,3,676,510
675,聰,3,107,57
676,賽,3,243,146
677,闆,3,74,62
678,雖,3,507,373
679,鮮,3,121,235
680,簡,3,310,314
681,舊,3,188,103
682,藍,3,149,86
683,騎,3,106,78
684,壞,3,211,209
685,簽,3,45,52
686,願,3,332,301
687,蘋,3,29,45
688,鹹,3,16,21
689,鐵,3,184,187
690,顧,3,342,305
691,讀,3,508,309
692,變,3,1127,1284
693,罐,3,34,41
694,丁,3*,100,89
695,土,3*,281,722
696,寸,3*,32,22
697,切,3*,454,232
698,及,3*,1157,561
699,反,3*,808,572
700,夫,3*,676,306
701,且,3*,799,776
702,主,3*,1406,942
703,代,3*,1074,837
704,失,3*,637,412
705,布,3*,430,313
706,民,3*,859,1249
707,由,3*,980,469
708,目,3*,726,674
709,示,3*,457,313
710,存,3*,377,336
711,式,3*,802,561
712,此,3*,1792,544
713,何,3*,1129,458
714,形,3*,629,440
715,改,3*,606,557
716,村,3*,181,327
717,求,3*,638,352
718,里,3*,393,281
719,京,3*,280,79
720,具,3*,451,293
721,初,3*,295,220
722,取,3*,510,310
723,受,3*,1157,934
724,命,3*,782,509
725,妻,3*,206,79
726,姑,3*,173,39
727,府,3*,346,434
728,性,3*,1484,757
729,於,3*,2574,1356
730,社,3*,690,552
731,虎,3*,118,57
732,保,3*,608,882
733,品,3*,743,611
734,哈,3*,287,117
735,架,3*,163,117
736,派,3*,327,174
737,珍,3*,132,152
738,眉,3*,66,15
739,約,3*,466,329
740,軍,3*,818,346
741,孫,3*,215,69
742,害,3*,375,468
743,展,3*,578,450
744,座,3*,223,172
745,根,3*,522,424
746,珠,3*,103,40
747,神,3*,965,434
748,般,3*,369,392
749,除,3*,451,554
750,偷,3*,134,79
751,婆,3*,158,147
752,救,3*,187,291
753,殺,3*,400,124
754,深,3*,563,378
755,淺,3*,52,31
756,猜,3*,84,58
757,理,3*,1975,989
758,終,3*,383,200
759,連,3*,569,390
760,喔,3*,52,868
761,寓,3*,41,9
762,晴,3*,25,30
763,棒,3*,94,183
764,痛,3*,370,211
765,象,3*,443,419
766,費,3*,353,362
767,貼,3*,99,104
768,鄉,3*,188,294
769,量,3*,732,979
770,雲,3*,224,132
771,傷,3*,377,298
772,圓,3*,151,123
773,極,3*,462,243
774,煙/烟,3*,92,46
775,煩,3*,141,112
776,獅,3*,23,35
777,義,3*,675,409
778,舅,3*,39,8
779,解,3*,1106,805
780,農,3*,256,1098
781,遇,3*,230,172
782,厭,3*,83,30
783,實,3*,1827,2896
784,演,3*,439,373
785,管,3*,711,507
786,領,3*,514,231
787,價,3*,361,275
788,數,3*,775,496
789,線,3*,377,306
790,論,3*,912,279
791,齒,3*,48,42
792,器,3*,284,332
793,整,3*,574,774
794,燒,3*,128,141
795,隨,3*,429,289
796,舉/擧,3*,326,264
797,櫃,3*,57,32
798,類,3*,641,598
799,籃,3*,36,43
800,覽,3*,41,34
801,觀,3*,758,816
802,士,4,664,477
803,夕,4,35,19
804,巾,4,40,20
805,之,4,3660,2170
806,仍,4,346,98
807,尤,4,173,160
808,尺,4,100,128
809,引,4,446,300
810,止,4,276,192
811,乎,4,535,246
812,仔,4,132,90
813,兄,4,163,176
814,充,4,283,174
815,史,4,653,278
816,未,4,531,275
817,永,4,272,178
818,申,4,54,39
819,任,4,930,580
820,份,4,240,287
821,印,4,222,360
822,危,4,182,229
823,池,4,66,115
824,污/汙,4,47,170
825,竹,4,99,150
826,至,4,861,519
827,血,4,303,178
828,免,4,253,185
829,困,4,250,281
830,圾,4,24,173
831,技,4,326,250
832,抓,4,145,93
833,投,4,303,249
834,材,4,156,247
835,束,4,148,102
836,牠,4,279,548
837,系,4,361,242
838,育,4,330,421
839,角,4,434,286
840,辛,4,110,273
841,並,4,1191,423
842,乖,4,46,112
843,乳,4,83,62
844,亞,4,388,600
845,享,4,164,263
846,使,4,1162,579
847,典,4,174,189
848,制,4,556,288
849,呼,4,242,143
850,垃,4,24,173
851,季,4,90,213
852,幸,4,228,231
853,底,4,362,526
854,忽,4,168,50
855,抱,4,226,113
856,招,4,159,67
857,枕,4,22,8
858,治,4,709,397
859,況,4,398,395
860,泡,4,73,185
861,炒,4,29,43
862,爭,4,418,247
863,者,4,1777,917
864,肥,4,58,209
865,肯,4,211,88
866,則,4,822,244
867,勇,4,130,93
868,卻/却,4,853,413
869,厚,4,109,78
870,咬,4,62,43
871,姨,4,31,42
872,巷,4,29,15
873,帥,4,39,21
874,建,4,628,523
875,律,4,209,112
876,持,4,582,585
877,指,4,640,247
878,按,4,169,73
879,挑,4,176,160
880,政,4,780,799
881,染,4,101,255
882,段,4,440,369
883,毒,4,153,224
884,泉,4,65,42
885,洞,4,145,61
886,洲,4,152,357
887,炸,4,58,92
888,甚,4,419,305
889,省,4,199,240
890,科,4,609,376
891,秒,4,58,57
892,突,4,366,239
893,紀,4,321,328
894,郎,4,131,18
895,頁,4,108,23
896,首,4,323,279
897,乘,4,91,52
898,修,4,268,220
899,倒,4,308,211
900,值/値,4,304,256
901,娘,4,237,83
902,島,4,136,267
903,庭,4,219,223
904,恭,4,50,30
905,扇,4,38,28
906,效,4,404,271
907,料,4,373,458
908,格,4,587,275
909,案,4,415,233
910,浪,4,127,201
911,烏,4,108,92
912,烤,4,34,29
913,疼,4,67,56
914,祖,4,213,102
915,素,4,273,370
916,蚊,4,13,54
917,討,4,313,178
918,訓,4,204,126
919,迷,4,171,71
920,追,4,264,128
921,退,4,246,177
922,陣,4,176,79
923,偉,4,74,61
924,剪,4,49,92
925,區,4,431,835
926,啤,4,25,2
927,堂,4,214,125
928,堆,4,120,96
929,婦,4,197,108
930,密,4,305,191
931,將,4,1259,671
932,專,4,450,395
933,強/强,4,648,439
934,惜,4,92,134
935,掛,4,100,49
936,推,4,408,304
937,敗,4,235,72
938,族,4,384,287
939,棄,4,144,160
940,涼,4,62,77
941,淚,4,102,45
942,淡,4,86,71
943,淨,4,92,185
944,產,4,760,746
945,眾,4,377,528
946,移,4,168,191
947,章,4,330,75
948,粗,4,75,37
949,細,4,407,293
950,聊,4,110,119
951,脫,4,173,105
952,術,4,510,300
953,規,4,299,215
954,訪,4,149,209
955,設,4,545,394
956,責,4,295,169
957,速,4,291,228
958,造,4,666,754
959,野,4,235,255
960,陰,4,132,41
961,陸,4,167,222
962,頂,4,170,117
963,傘,4,19,19
964,剩,4,76,106
965,博,4,187,353
966,善,4,284,356
967,喊,4,122,27
968,圍,4,231,172
969,富,4,268,248
970,寒,4,93,108
971,廁,4,24,37
972,復,4,241,189
973,悶,4,52,22
974,惱,4,63,45
975,散,4,223,127
976,普,4,239,146
977,暑,4,30,45
978,曾,4,495,367
979,替,4,148,83
980,棟,4,43,42
981,森,4,229,104
982,棵,4,45,98
983,椒,4,16,38
984,減,4,154,283
985,煮,4,57,145
986,牌,4,174,72
987,猴,4,52,25
988,童,4,212,166
989,策,4,260,129
990,絕,4,426,211
991,閒,4,89,51
992,雄,4,164,101
993,順,4,253,201
994,須,4,498,270
995,亂,4,262,146
996,嗯,4,50,242
997,搭,4,99,98
998,搶,4,72,62
999,暖,4,74,242
1000,源,4,238,482
1001,碰,4,129,122
1002,群/羣,4,324,268
1003,聖,4,197,143
1004,葉,4,175,302
1005,資,4,622,526
1006,躲/躱,4,69,45
1007,載,4,137,95
1008,遍,4,128,83
1009,達,4,642,522
1010,零,4,99,126
1011,預,4,251,238
1012,頓,4,255,60
1013,鼓,4,161,171
1014,鼠,4,80,43
1015,團,4,362,301
1016,夢,4,217,173
1017,察,4,297,207
1018,態,4,439,412
1019,摸,4,98,80
1020,漢,4,324,78
1021,漸,4,245,166
1022,疑,4,263,92
1023,禍,4,55,29
1024,腐,4,40,43
1025,蓋,4,200,199
1026,誤,4,197,63
1027,貌,4,83,54
1028,際,4,347,401
1029,颱,4,10,198
1030,厲,4,69,124
1031,增,4,256,221
1032,寬,4,108,68
1033,層,4,300,285
1034,廠,4,150,174
1035,廣,4,356,210
1036,德,4,702,331
1037,慶,4,148,79
1038,憐,4,73,24
1039,標,4,366,271
1040,歐,4,178,421
1041,漿,4,20,43
1042,熟,4,181,150
1043,獎,4,124,105
1044,確,4,573,305
1045,窮,4,103,106
1046,篇,4,155,42
1047,罵,4,95,65
1048,膚,4,68,49
1049,蝦,4,26,14
1050,衛,4,222,150
1051,誕,4,54,26
1052,調,4,445,365
1053,談,4,443,446
1054,質,4,492,518
1055,踏,4,85,89
1056,躺,4,66,23
1057,適,4,311,247
1058,鄰,4,69,83
1059,醉,4,58,13
1060,醋,4,12,13
1061,震,4,101,249
1062,靠,4,231,195
1063,養,4,356,522
1064,噢,4,56,13
1065,戰,4,731,465
1066,擔,4,308,316
1067,據,4,371,254
1068,曆,4,44,31
1069,橋,4,96,109
1070,橘,4,14,30
1071,歷,4,469,304
1072,激,4,261,124
1073,濃,4,104,94
1074,燙,4,18,34
1075,獨,4,313,191
1076,醒,4,196,127
1077,錶,4,23,9
1078,險,4,249,173
1079,靜,4,295,234
1080,嚇,4,103,70
1081,壓,4,299,303
1082,濕/溼,4,63,125
1083,環,4,308,872
1084,績,4,96,47
1085,聯,4,267,317
1086,薪,4,46,36
1087,講,4,370,1277
1088,賺,4,62,109
1089,購,4,108,62
1090,醜,4,38,18
1091,鍋,4,54,51
1092,顆,4,88,173
1093,斷,4,470,335
1094,翻,4,170,123
1095,職,4,251,117
1096,豐,4,151,157
1097,醬,4,35,51
1098,鎖,4,65,39
1099,雜,4,240,192
1100,鬆,4,155,137
1101,藝,4,287,217
1102,證,4,368,245
1103,鏡,4,122,99
1104,饅,4,5,10
1105,騙,4,60,36
1106,麗,4,249,241
1107,嚴,4,315,407
1108,繼,4,323,233
1109,警,4,227,164
1110,議,4,453,359
1111,齡,4,88,55
1112,續,4,408,464
1113,護,4,289,394
1114,響,4,400,454
1115,權,4,474,190
1116,髒,4,33,45
1117,驗,4,569,479
1118,驚,4,311,134
1119,鹽,4,52,91
1120,嘛,4,72,357
1121,億,4,82,131
1122,乙,4*,24,10
1123,丈,4*,134,31
1124,丸,4*,34,8
1125,川,4*,119,134
1126,互,4*,223,197
1127,井,4*,76,36
1128,仁,4*,117,87
1129,匹,4*,52,15
1130,升,4*,201,228
1131,孔,4*,111,66
1132,欠,4*,35,22
1133,丙,4*,9,2
1134,仗,4*,40,10
1135,令,4*,527,123
1136,冊,4*,62,17
1137,古,4*,368,300
1138,央,4*,113,61
1139,扔,4*,23,5
1140,犯,4*,177,60
1141,甲,4*,102,91
1142,吉,4*,219,79
1143,吐,4*,76,33
1144,守,4*,231,121
1145,尖,4*,97,36
1146,州,4*,303,113
1147,曲,4*,192,62
1148,江,4*,239,102
1149,羽,4*,74,13
1150,舌,4*,47,13
1151,伸,4*,144,53
1152,似,4*,454,157
1153,兵,4*,417,81
1154,即,4*,647,170
1155,吞,4*,53,21
1156,否,4*,339,95
1157,吸,4*,243,227
1158,吹,4*,94,85
1159,呆,4*,49,14
1160,壯,4*,90,53
1161,孝,4*,88,45
1162,尾,4*,120,54
1163,忍,4*,159,79
1164,志,4*,175,344
1165,扮,4*,77,49
1166,沖,4*,56,95
1167,狂,4*,121,23
1168,私,4*,150,53
1169,貝,4*,209,89
1170,佳,4*,168,92
1171,兔,4*,28,10
1172,刺,4*,177,74
1173,固,4*,162,117
1174,岸,4*,99,183
1175,抬/擡,4*,91,38
1176,拌,4*,12,31
1177,拔,4*,72,129
1178,昏,4*,68,22
1179,欣,4*,82,56
1180,武,4*,343,251
1181,炎,4*,73,50
1182,狀,4*,388,382
1183,俗,4*,108,68
1184,型,4*,346,284
1185,娃,4*,64,42
1186,宣,4*,165,108
1187,待,4*,384,283
1188,挖,4*,59,74
1189,既,4*,221,84
1190,砍,4*,53,52
1191,耐,4*,98,81
1192,若,4*,366,81
1193,負,4*,284,208
1194,唉,4*,28,15
1195,唐,4*,137,59
1196,宮,4*,258,42
1197,宵,4*,9,10
1198,庫,4*,104,123
1199,弱,4*,152,99
1200,恐,4*,234,190
1201,捉,4*,50,13
1202,桃,4*,57,50
1203,狼,4*,55,16
1204,粉,4*,86,145
1205,缺,4*,220,163
1206,財,4*,193,80
1207,逃,4*,171,67
1208,針,4*,124,117
1209,閃,4*,104,33
1210,鬼,4*,141,26
1211,偏,4*,139,106
1212,基,4*,581,531
1213,堅,4*,216,176
1214,娶,4*,37,19
1215,彩,4*,112,94
1216,採,4*,211,297
1217,敏,4*,117,67
1218,晨,4*,66,38
1219,盛,4*,134,106
1220,祥,4*,47,44
1221,竟,4*,315,156
1222,組,4*,434,347
1223,蛇,4*,60,21
1224,貪,4*,53,39
1225,途,4*,128,74
1226,陳,4*,235,206
1227,鹿,4*,52,23
1228,麥,4*,148,90
1229,勝,4*,205,76
1230,勞,4*,200,110
1231,壺,4*,24,57
1232,尊,4*,189,103
1233,悲,4*,159,90
1234,惡,4*,235,99
1235,晶,4*,60,26
1236,智,4*,327,183
1237,棋,4*,42,25
1238,植,4*,93,357
1239,款,4*,96,86
1240,港,4*,110,86
1241,湖,4*,122,134
1242,紫,4*,56,39
1243,絲,4*,284,115
1244,診,4*,85,116
1245,集,4*,359,325
1246,項,4*,314,160
1247,勢,4*,354,233
1248,填,4*,36,30
1249,嫁,4*,68,47
1250,幹,4*,176,129
1251,微,4*,316,225
1252,搖,4*,178,56
1253,敬,4*,145,72
1254,暗,4*,206,56
1255,煎,4*,20,21
1256,禁,4*,151,65
1257,罪,4*,198,41
1258,落,4*,433,365
1259,詩,4*,167,40
1260,誠,4*,131,78
1261,雷,4*,215,75
1262,嘆,4*,64,18
1263,嘗,4*,83,49
1264,敲,4*,60,26
1265,滾,4*,72,41
1266,漁,4*,38,49
1267,熊,4*,68,48
1268,瘋,4*,74,16
1269,福,4*,305,429
1270,稱,4*,450,218
1271,端,4*,173,111
1272,聚,4*,122,127
1273,與,4*,2252,841
1274,銅,4*,44,17
1275,齊,4*,147,75
1276,劇,4*,244,125
1277,廟,4*,66,41
1278,撞,4*,76,51
1279,敵,4*,180,41
1280,模,4*,308,217
1281,衝,4*,208,155
1282,賞,4*,136,71
1283,輪,4*,115,116
1284,縣,4*,166,131
1285,鴨,4*,29,23
1286,嚐,4*,17,22
1287,牆,4*,107,76
1288,膽,4*,88,34
1289,臨,4*,200,180
1290,謎,4*,25,7
1291,避,4*,191,123
1292,礎,4*,90,45
1293,織,4*,241,203
1294,鎮,4*,141,93
1295,勸,4*,65,19
1296,寶,4*,500,258
1297,露,4*,236,98
1298,彎,4*,69,47
1299,讚,4*,84,60
1300,吳,4*,147,98
1301,几,5,5,2
1302,亡,5,169,151
1303,凡,5,121,51
1304,弓,5,32,10
1305,予,5,109,51
1306,仇,5,54,15
1307,勿,5,17,9
1308,爪,5,19,8
1309,犬,5,38,21
1310,乏,5,105,54
1311,仙,5,100,34
1312,凸,5,15,15
1313,凹,5,13,14
1314,刊,5,79,24
1315,匆,5,47,10
1316,召,5,84,38
1317,叮,5,20,22
1318,孕,5,53,32
1319,尼,5,284,173
1320,巨,5,113,62
1321,幼,5,108,75
1322,旦,5,128,95
1323,瓦,5,115,79
1324,甘,5,92,101
1325,矛,5,46,12
1326,穴,5,40,10
1327,仰,5,95,55
1328,仲,5,39,12
1329,仿,5,49,24
1330,企,5,291,82
1331,伍,5,56,38
1332,伙,5,99,7
1333,兇,5,33,25
1334,划,5,14,9
1335,列,5,264,229
1336,匠,5,33,9
1337,宅,5,59,49
1338,宇,5,81,35
1339,寺,5,87,52
1340,托,5,110,41
1341,扣,5,40,23
1342,朱,5,159,16
1343,灰,5,81,53
1344,肌,5,102,35
1345,舟,5,19,15
1346,串,5,57,46
1347,估,5,90,76
1348,伴,5,128,138
1349,佔,5,77,48
1350,佛,5,239,232
1351,判,5,177,91
1352,刪,5,12,9
1353,吩,5,18,1
1354,含,5,136,143
1355,均,5,109,144
1356,夾,5,61,36
1357,妙,5,113,71
1358,妝/粧,5,25,16
1359,妨,5,40,9
1360,宋,5,93,34
1361,尿,5,88,64
1362,屁,5,43,21
1363,巫,5,24,5
1364,序,5,141,56
1365,戒,5,64,82
1366,扶,5,48,42
1367,批,5,159,78
1368,抄,5,26,15
1369,抖,5,47,9
1370,抗,5,193,222
1371,攻,5,222,130
1372,杜,5,93,30
1373,沈,5,41,27
1374,沉,5,189,85
1375,災,5,75,447
1376,牢,5,63,16
1377,皂,5,12,31
1378,秀,5,150,108
1379,良,5,222,139
1380,谷,5,94,52
1381,赤,5,57,35
1382,防,5,197,286
1383,佩,5,68,43
1384,供,5,291,217
1385,依,5,328,173
1386,刮,5,25,20
1387,券,5,23,8
1388,協,5,199,203
1389,卷,5,79,22
1390,咐,5,24,1
1391,坪,5,18,18
1392,奔,5,82,28
1393,委,5,150,75
1394,孟,5,55,38
1395,孤,5,105,55
1396,宗,5,279,190
1397,官,5,555,103
1398,宙,5,57,14
1399,尚,5,185,41
1400,屆,5,26,25
1401,岩,5,61,87
1402,延,5,137,117
1403,彼,5,150,58
1404,忠,5,143,30
1405,怖,5,40,85
1406,怡,5,13,67
1407,承,5,259,175
1408,抵,5,101,52
1409,抽,5,117,89
1410,拆,5,30,39
1411,拒,5,108,32
1412,拖,5,72,42
1413,斧,5,19,4
1414,昌,5,49,52
1415,昔,5,25,10
1416,松,5,136,43
1417,板,5,181,135
1418,氛,5,50,47
1419,沾,5,30,16
1420,沿,5,81,78
1421,波,5,282,232
1422,泥,5,73,104
1423,版,5,249,54
1424,牧,5,68,53
1425,盲,5,30,25
1426,肩,5,98,27
1427,肺,5,42,30
1428,臥,5,44,11
1429,芬,5,74,37
1430,芳,5,40,31
1431,芽,5,21,58
1432,返,5,66,37
1433,阻,5,97,68
1434,侵,5,65,83
1435,冠,5,54,40
1436,勉,5,40,22
1437,咳,5,19,12
1438,哀,5,67,20
1439,哎,5,21,42
1440,奏,5,113,23
1441,姻,5,81,25
1442,姿,5,79,26
1443,威,5,306,193
1444,帝,5,620,56
1445,幽,5,57,27
1446,怒,5,158,21
1447,怨,5,98,43
1448,恢,5,60,55
1449,恨,5,106,21
1450,恰,5,58,9
1451,扁,5,30,13
1452,括,5,188,191
1453,拼,5,32,61
1454,拾,5,46,26
1455,施,5,172,171
1456,映,5,69,44
1457,某,5,407,97
1458,柔,5,82,84
1459,柱,5,41,33
1460,柳,5,40,16
1461,炭,5,13,27
1462,炮,5,31,20
1463,玲,5,16,30
1464,珊,5,39,104
1465,皆,5,110,15
1466,皇,5,632,58
1467,盆,5,40,44
1468,盾,5,47,20
1469,胃,5,56,30
1470,胎,5,52,31
1471,胡,5,161,60
1472,致,5,323,145
1473,苗,5,44,141
1474,茄,5,18,82
1475,衫,5,30,4
1476,迫,5,127,68
1477,述,5,289,54
1478,郊,5,21,18
1479,降,5,185,277
1480,限,5,202,133
1481,革,5,153,83
1482,俱,5,54,22
1483,倆,5,81,32
1484,倉,5,58,24
1485,倍,5,81,106
1486,倦,5,27,6
1487,准,5,51,23
1488,凍,5,29,37
1489,哦,5,42,70
1490,哲,5,80,36
1491,哼,5,27,6
1492,埋,5,69,50
1493,宰,5,45,9
1494,宴,5,45,14
1495,射,5,175,128
1496,峰/峯,5,60,76
1497,席,5,106,70
1498,徐,5,70,41
1499,徑,5,74,43
1500,徒,5,105,59
1501,恩,5,201,229
1502,悄,5,65,12
1503,悔,5,47,79
1504,悟,5,72,47
1505,拳,5,44,17
1506,挨,5,31,12
1507,捐,5,31,77
1508,捕,5,77,52
1509,晒/曬,5,28,81
1510,朗,5,97,110
1511,核,5,119,184
1512,泰,5,117,147
1513,浩,5,30,23
1514,烈,5,192,103
1515,疲,5,62,20
1516,症,5,271,175
1517,益,5,167,105
1518,窄,5,25,13
1519,納,5,253,84
1520,純,5,111,90
1521,紛,5,105,86
1522,翁,5,38,14
1523,翅,5,33,15
1524,胸,5,92,21
1525,脈,5,78,89
1526,航,5,62,59
1527,託,5,60,56
1528,豹,5,13,7
1529,配,5,224,168
1530,骨,5,158,139
1531,鬥,5,131,50
1532,偶,5,115,68
1533,副,5,130,65
1534,唯,5,159,87
1535,圈,5,109,86
1536,域,5,171,167
1537,執,5,185,102
1538,培,5,104,136
1539,帳,5,58,46
1540,悠,5,33,25
1541,戚,5,40,23
1542,捨,5,49,63
1543,捲,5,47,45
1544,掃,5,70,87
1545,授,5,156,146
1546,探,5,217,112
1547,控,5,218,151
1548,掩,5,45,28
1549,斜,5,38,37
1550,梅,5,150,80
1551,梨,5,27,86
1552,梯,5,62,52
1553,欲,5,101,36
1554,毫,5,145,48
1555,液,5,71,69
1556,淋,5,39,22
1557,混,5,118,65
1558,淹,5,24,66
1559,添,5,41,51
1560,爽,5,32,25
1561,牽,5,74,51
1562,猛,5,86,19
1563,率,5,290,193
1564,略,5,235,67
1565,異,5,295,119
1566,痕,5,37,33
1567,祭,5,72,32
1568,符,5,91,50
1569,粒,5,39,57
1570,羞,5,59,13
1571,莉,5,203,45
1572,莊,5,112,65
1573,莫,5,210,64
1574,訝,5,61,28
1575,貧,5,63,146
1576,軟,5,134,86
1577,透,5,268,321
1578,逐,5,163,121
1579,逢,5,39,22
1580,閉,5,100,68
1581,陶,5,84,30
1582,陷,5,131,80
1583,雀,5,36,11
1584,割,5,60,99
1585,創,5,518,307
1586,喉,5,28,11
1587,喪,5,105,46
1588,喲,5,14,20
1589,婷,5,5,9
1590,媒,5,85,88
1591,尋,5,234,112
1592,幅,5,76,61
1593,愉,5,68,20
1594,掌,5,200,127
1595,描,5,141,45
1596,插,5,68,89
1597,揚,5,95,45
1598,握,5,157,108
1599,揮,5,169,93
1600,援,5,78,140
1601,斑,5,40,39
1602,朝,5,485,277
1603,棉,5,27,68
1604,棍,5,24,9
1605,欺,5,49,18
1606,殘,5,97,72
1607,渡,5,51,50
1608,測,5,220,228
1609,焦,5,121,59
1610,琴,5,111,48
1611,番,5,93,70
1612,痠,5,8,14
1613,登,5,170,102
1614,盜,5,47,20
1615,硬,5,116,94
1616,稅,5,57,32
1617,稍,5,97,109
1618,筋,5,45,36
1619,粥,5,10,12
1620,絡,5,72,53
1621,菇,5,11,43
1622,菸,5,52,25
1623,萄,5,29,58
1624,虛,5,137,34
1625,裁,5,67,65
1626,評,5,241,81
1627,貸,5,26,21
1628,貿,5,40,32
1629,賀,5,45,18
1630,趁,5,46,36
1631,跌,5,54,35
1632,距,5,104,113
1633,酥,5,17,8
1634,鈔,5,15,7
1635,隆,5,149,55
1636,階,5,215,101
1637,雅,5,117,138
1638,傲,5,50,27
1639,傻,5,50,31
1640,僅,5,231,137
1641,勤,5,67,49
1642,嗨,5,8,14
1643,塑,5,91,147
1644,塗,5,47,29
1645,塞,5,118,121
1646,嫌,5,42,24
1647,廉,5,44,22
1648,愁,5,42,13
1649,愈,5,225,40
1650,愚,5,42,10
1651,慌,5,58,25
1652,慎/愼,5,64,24
1653,損,5,91,83
1654,搜,5,62,33
1655,搞,5,94,58
1656,暈,5,26,9
1657,楊,5,218,76
1658,楣,5,11,8
1659,溜,5,43,17
1660,溝,5,125,95
1661,溪,5,63,118
1662,滅,5,107,61
1663,滑,5,87,57
1664,盟,5,62,154
1665,睜,5,35,11
1666,碌,5,26,30
1667,碎,5,75,56
1668,綁,5,43,36
1669,置,5,224,172
1670,署,5,33,64
1671,羨,5,17,14
1672,腫,5,42,33
1673,腰,5,81,44
1674,腸,5,69,43
1675,葡,5,29,59
1676,葷,5,3,11
1677,補,5,176,180
1678,詳,5,78,28
1679,誇,5,45,21
1680,賊,5,38,6
1681,跡,5,83,91
1682,跪,5,42,14
1683,逼,5,70,24
1684,違,5,54,30
1685,鉛,5,16,28
1686,隔,5,135,131
1687,飼,5,15,22
1688,飾,5,73,28
1689,僑,5,10,9
1690,劃,5,142,87
1691,墓,5,55,17
1692,寧,5,121,59
1693,幕,5,110,56
1694,幣,5,45,88
1695,摔,5,36,18
1696,旗,5,96,34
1697,榮,5,113,98
1698,構,5,304,152
1699,槍,5,101,35
1700,歉,5,43,38
1701,滴,5,59,87
1702,滷,5,7,4
1703,漫,5,90,60
1704,漲,5,35,52
1705,盡,5,315,215
1706,碟,5,14,5
1707,窩,5,44,18
1708,粽,5,5,8
1709,維,5,391,306
1710,綿,5,28,43
1711,罰,5,69,38
1712,膀,5,70,19
1713,蒸,5,27,50
1714,蜜,5,59,55
1715,製,5,266,277
1716,誌,5,79,77
1717,豪,5,87,46
1718,賓,5,69,106
1719,趙,5,113,17
1720,輔,5,79,53
1721,遙,5,47,44
1722,閣,5,68,13
1723,閩,5,11,7
1724,障,5,100,121
1725,鳳,5,64,90
1726,儀,5,106,84
1727,儉,5,14,16
1728,劉,5,243,123
1729,劍,5,74,14
1730,噴,5,40,118
1731,墨,5,64,34
1732,廢,5,78,141
1733,彈,5,158,123
1734,徵,5,138,76
1735,慕,5,45,20
1736,慧,5,166,148
1737,慮,5,185,75
1738,慰,5,65,42
1739,憂,5,144,55
1740,摩,5,124,79
1741,撈,5,17,17
1742,播,5,91,130
1743,暫,5,81,47
1744,暴,5,165,141
1745,潑,5,32,26
1746,潔,5,68,74
1747,潮,5,89,141
1748,皺,5,33,8
1749,稻,5,29,177
1750,箭,5,62,18
1751,糊,5,73,19
1752,緣,5,119,142
1753,編,5,202,83
1754,罷,5,73,15
1755,膠,5,58,154
1756,蓮,5,69,124
1757,蔬,5,22,161
1758,複,5,181,97
1759,諒,5,37,25
1760,賭,5,50,25
1761,趟,5,32,48
1762,踩,5,29,39
1763,輩,5,97,118
1764,遭,5,173,135
1765,遷,5,76,113
1766,鄭,5,101,35
1767,銷,5,208,129
1768,鋒,5,37,37
1769,閱,5,125,45
1770,餘,5,162,85
1771,駕,5,65,26
1772,駛,5,44,20
1773,儒,5,48,8
1774,儘,5,112,49
1775,墾,5,12,36
1776,壁,5,87,68
1777,奮,5,121,56
1778,導,5,527,391
1779,憑,5,61,24
1780,撿,5,28,69
1781,擁,5,197,112
1782,擇,5,210,170
1783,擋,5,45,42
1784,操,5,202,57
1785,曉,5,82,158
1786,樸,5,28,33
1787,橫,5,81,34
1788,燃,5,43,62
1789,燕,5,56,20
1790,磨,5,85,56
1791,積,5,205,293
1792,築,5,92,156
1793,膩,5,19,18
1794,融,5,94,129
1795,螞,5,12,15
1796,諧,5,27,15
1797,謀,5,148,21
1798,謂,5,191,215
1799,輸,5,100,81
1800,辨,5,59,30
1801,遲,5,78,35
1802,遵,5,51,20
1803,遺,5,174,130
1804,鋼,5,74,57
1805,錄,5,237,190
1806,錦,5,47,12
1807,雕,5,41,28
1808,默,5,165,109
1809,優,5,208,125
1810,勵,5,114,125
1811,嬰,5,97,62
1812,擊,5,317,214
1813,擠,5,68,49
1814,擦,5,62,64
1815,檔,5,62,18
1816,檢,5,161,150
1817,濟,5,252,783
1818,營,5,318,282
1819,獲,5,229,121
1820,療,5,297,242
1821,瞧,5,62,18
1822,瞪,5,35,4
1823,瞭,5,88,55
1824,糟,5,73,40
1825,縫,5,48,44
1826,縮,5,91,81
1827,縱,5,75,21
1828,繁,5,70,100
1829,臂,5,77,14
1830,薄,5,66,53
1831,虧,5,38,14
1832,謊,5,36,14
1833,謙,5,38,22
1834,邀,5,70,79
1835,鍊,5,27,20
1836,鍛,5,14,9
1837,餵,5,44,40
1838,擴,5,114,88
1839,擺,5,143,86
1840,擾,5,97,61
1841,歸,5,181,83
1842,獵,5,77,22
1843,糧,5,64,109
1844,繞,5,83,42
1845,藉,5,132,109
1846,藏,5,205,198
1847,蟲,5,66,265
1848,謹,5,50,22
1849,蹟,5,37,39
1850,闖,5,25,11
1851,鞭,5,28,17
1852,額,5,103,41
1853,鵝,5,23,12
1854,嚨,5,15,6
1855,寵,5,44,30
1856,懶,5,35,23
1857,懷,5,275,187
1858,爆,5,77,115
1859,獸,5,55,18
1860,穩,5,116,132
1861,穫,5,14,28
1862,簿,5,17,18
1863,繩,5,57,22
1864,繪,5,64,56
1865,繫,5,60,21
1866,羅,5,471,267
1867,蟻,5,13,24
1868,贈,5,28,25
1869,贊,5,52,24
1870,辭,5,77,21
1871,鬍,5,34,5
1872,爐,5,48,39
1873,礦,5,27,51
1874,競,5,127,52
1875,觸,5,151,168
1876,譯,5,120,19
1877,贏,5,71,43
1878,釋,5,254,125
1879,飄,5,56,32
1880,黨,5,180,133
1881,屬,5,277,195
1882,櫻,5,14,38
1883,爛,5,64,57
1884,蘭,5,303,406
1885,襪,5,24,16
1886,飆,5,8,15
1887,魔,5,82,26
1888,攤,5,40,41
1889,灘,5,30,35
1890,癮,5,24,6
1891,籠,5,47,31
1892,襯,5,28,6
1893,驕,5,31,24
1894,戀,5,76,22
1895,顯,5,429,204
1896,靈,5,319,151
1897,鷹,5,31,30
1898,鑰,5,31,7
1899,驢,5,17,9
1900,鑽,5,50,37
1901,乃,6,146,18
1902,乞,6,18,8
1903,丹,6,155,53
1904,允,6,87,12
1905,兮,6,22,8
1906,勻,6,8,17
1907,勾,6,34,21
1908,幻,6,81,17
1909,扎,6,46,27
1910,斗,6,37,31
1911,曰,6,121,8
1912,歹,6,10,6
1913,氏,6,203,37
1914,丘,6,62,22
1915,占,6,64,47
1916,叨,6,11,3
1917,奴,6,76,7
1918,斥,6,48,14
1919,甩,6,18,6
1920,亦,6,159,12
1921,伏,6,90,27
1922,伐,6,48,30
1923,兆,6,29,14
1924,刑,6,78,25
1925,劣,6,31,20
1926,后,6,175,11
1927,吏,6,34,1
1928,妄,6,29,9
1929,旨,6,61,10
1930,旬,6,12,14
1931,朽,6,13,4
1932,臣,6,220,14
1933,佈,6,48,32
1934,佑,6,13,15
1935,卵,6,22,23
1936,君,6,177,80
1937,吻,6,39,17
1938,吼,6,35,4
1939,吾,6,42,8
1940,呂,6,55,20
1941,呈,6,94,74
1942,妒,6,27,5
1943,妥,6,45,15
1944,宏,6,34,36
1945,尬,6,19,7
1946,巡,6,58,46
1947,廷,6,115,44
1948,役,6,59,11
1949,忌,6,58,16
1950,扯,6,42,19
1951,抉,6,12,3
1952,抑,6,68,28
1953,旱,6,15,98
1954,汰,6,10,8
1955,沐,6,8,4
1956,盯,6,44,12
1957,禿,6,14,8
1958,肖,6,15,8
1959,肝,6,43,55
1960,芒,6,27,22
1961,辰,6,24,8
1962,迅,6,58,28
1963,併,6,44,14
1964,侈,6,8,4
1965,卑,6,43,28
1966,卓,6,51,12
1967,坡,6,71,103
1968,坦,6,97,122
1969,奈,6,82,31
1970,奉,6,101,50
1971,妮,6,125,16
1972,屈,6,57,17
1973,披,6,35,24
1974,抹,6,36,19
1975,押,6,23,6
1976,拋,6,50,19
1977,拐,6,19,7
1978,拓,6,33,46
1979,旺,6,46,34
1980,枉,6,13,6
1981,析,6,138,76
1982,枚,6,18,8
1983,歧,6,27,20
1984,沫,6,15,10
1985,沮,6,36,8
1986,沸,6,13,8
1987,泛,6,58,19
1988,泣,6,31,4
1989,玫,6,20,10
1990,糾,6,35,14
1991,股,6,241,67
1992,肪,6,21,22
1993,芝,6,52,28
1994,芹,6,7,17
1995,采,6,49,26
1996,侮,6,14,2
1997,侯,6,70,8
1998,促,6,92,42
1999,俊,6,41,21
2000,削,6,32,27
2001,勁,6,68,20
2002,叛,6,55,12
2003,咦,6,8,27
2004,咪,6,37,80
2005,咱,6,53,17
2006,哄,6,16,4
2007,垂,6,65,30
2008,契,6,52,46
2009,屍,6,58,13
2010,彥,6,13,28
2011,怠,6,12,4
2012,恆,6,40,41
2013,恍,6,19,3
2014,昭,6,50,15
2015,枯,6,28,29
2016,柄,6,15,5
2017,柚,6,3,37
2018,歪,6,25,8
2019,洛,6,180,50
2020,津,6,57,13
2021,洪,6,67,94
2022,洽,6,17,6
2023,牲,6,47,37
2024,狠,6,48,8
2025,玻,6,45,35
2026,畏,6,36,11
2027,疫,6,31,87
2028,盼,6,31,22
2029,砂,6,14,29
2030,祈,6,36,47
2031,竿,6,16,9
2032,耍,6,29,13
2033,胞,6,106,95
2034,茂,6,29,21
2035,范,6,36,5
2036,虐,6,30,14
2037,衍,6,40,22
2038,赴,6,40,11
2039,趴,6,14,16
2040,軌,6,34,41
2041,陌,6,41,18
2042,倚,6,22,5
2043,倡,6,23,18
2044,倫,6,203,61
2045,兼,6,79,33
2046,冤,6,24,6
2047,凌,6,42,25
2048,剔,6,13,4
2049,剝,6,35,33
2050,埔,6,19,57
2051,娛,6,26,11
2052,峽,6,19,44
2053,悅,6,75,35
2054,挫,6,63,38
2055,振,6,72,42
2056,挺,6,59,34
2057,挽,6,21,14
2058,晃,6,54,27
2059,柴,6,67,41
2060,株,6,20,40
2061,栽,6,24,98
2062,框,6,27,20
2063,梳,6,24,4
2064,殊,6,87,89
2065,氧,6,42,155
2066,浮,6,80,61
2067,浸,6,25,15
2068,涉,6,76,31
2069,涕,6,11,3
2070,狹,6,30,13
2071,疾,6,116,92
2072,眠,6,82,55
2073,矩,6,30,11
2074,祕,6,85,40
2075,秘,6,86,54
2076,秦,6,111,8
2077,秩,6,23,13
2078,紋,6,39,28
2079,索,6,210,111
2080,耕,6,40,196
2081,耗,6,44,58
2082,耽,6,11,6
2083,脂,6,40,55
2084,脅,6,53,68
2085,脆,6,51,53
2086,茫,6,29,16
2087,荒,6,78,69
2088,衰,6,48,28
2089,衷,6,26,14
2090,訊,6,274,120
2091,貢,6,65,44
2092,躬,6,18,5
2093,辱,6,42,6
2094,迴,6,63,37
2095,逆,6,54,33
2096,釘,6,27,20
2097,飢/饑,6,31,28
2098,側,6,95,35
2099,偵,6,31,15
2100,勒,6,193,103
2101,售,6,92,50
2102,啞,6,21,7
2103,啟/啓,6,125,111
2104,堵,6,17,12
2105,奢,6,19,8
2106,寂,6,55,20
2107,崇,6,89,25
2108,崩,6,39,51
2109,庸,6,78,6
2110,悉,6,74,40
2111,患,6,189,148
2112,惋,6,5,2
2113,惕,6,7,6
2114,捧,6,28,7
2115,掀,6,19,10
2116,掏,6,23,13
2117,掘,6,29,18
2118,掙,6,37,20
2119,措,6,54,45
2120,旋,6,74,44
2121,晝,6,11,4
2122,曹,6,183,17
2123,桶,6,36,71
2124,梁,6,58,36
2125,械,6,36,24
2126,欸,6,3,11
2127,涵,6,47,38
2128,淑,6,14,31
2129,淘,6,15,13
2130,淪,6,17,10
2131,烽,6,3,8
2132,瓷,6,22,17
2133,疏,6,57,47
2134,笛,6,21,4
2135,紮,6,28,16
2136,脖,6,33,6
2137,脣/唇,6,38,16
2138,荷,6,106,88
2139,蚵,6,4,4
2140,蛀,6,4,6
2141,袍,6,25,5
2142,袖,6,63,41
2143,販,6,33,27
2144,貫,6,56,18
2145,逍,6,11,1
2146,逗,6,21,7
2147,逝,6,46,12
2148,郭,6,63,35
2149,釣,6,31,18
2150,陵,6,55,32
2151,傍,6,22,11
2152,凱,6,128,62
2153,啼,6,15,3
2154,喘,6,38,17
2155,喚,6,52,17
2156,喻,6,34,14
2157,堡,6,53,31
2158,堪,6,60,22
2159,奠,6,17,6
2160,婿,6,19,3
2161,廂,6,23,9
2162,廊,6,40,30
2163,循,6,68,63
2164,惑,6,68,27
2165,惠,6,55,118
2166,惰,6,9,9
2167,惶,6,18,6
2168,慨,6,28,9
2169,揀,6,7,1
2170,揉,6,22,11
2171,揭,6,37,22
2172,斯,6,1044,529
2173,晰,6,24,5
2174,棕,6,16,8
2175,殖,6,42,66
2176,殼,6,29,45
2177,毯,6,21,24
2178,渾,6,39,6
2179,湊,6,29,11
2180,湧,6,42,26
2181,滋,6,57,58
2182,焰,6,12,4
2183,猶,6,115,38
2184,甥,6,8,3
2185,痘,6,8,4
2186,痣,6,2,1
2187,睏,6,3,2
2188,硯,6,5,5
2189,稀,6,43,37
2190,筒,6,32,35
2191,翔,6,41,24
2192,肅,6,59,50
2193,脹,6,32,17
2194,脾,6,47,27
2195,腔,6,34,16
2196,菌,6,58,104
2197,菠,6,3,8
2198,蛙,6,25,34
2199,裂,6,75,66
2200,註,6,201,10
2201,詐,6,21,3
2202,貶,6,21,7
2203,辜,6,19,15
2204,逮,6,30,11
2205,雁,6,12,3
2206,雇,6,27,14
2207,飩,6,2,0
2208,催,6,37,21
2209,債,6,33,72
2210,傾,6,118,37
2211,募,6,17,31
2212,匯,6,29,24
2213,嗓,6,18,4
2214,嗜,6,16,4
2215,嗦,6,5,3
2216,塌,6,16,34
2217,塔,6,170,122
2218,奧,6,139,59
2219,媳,6,36,24
2220,嫂,6,23,8
2221,嫉,6,24,2
2222,廈,6,16,8
2223,彙,6,25,5
2224,惹,6,38,8
2225,愧,6,27,14
2226,慈,6,114,565
2227,搏,6,15,7
2228,楓,6,6,10
2229,楷,6,6,6
2230,歇,6,50,10
2231,殿,6,64,14
2232,毀,6,71,61
2233,溶,6,12,43
2234,煞,6,18,12
2235,煤,6,16,20
2236,痴/癡,6,31,17
2237,督,6,103,35
2238,碑,6,36,13
2239,稚,6,26,18
2240,粵,6,9,2
2241,罩,6,30,29
2242,聘,6,27,10
2243,腹,6,66,26
2244,萱,6,3,11
2245,董,6,81,31
2246,葬,6,48,17
2247,蒂,6,120,31
2248,蜀,6,34,1
2249,蜂,6,34,41
2250,裔,6,21,15
2251,裕,6,42,18
2252,詢,6,63,14
2253,賂,6,6,2
2254,賄,6,11,3
2255,跤,6,6,2
2256,跨,6,60,47
2257,酬,6,27,10
2258,鈴,6,50,57
2259,鉢/缽,6,5,3
2260,靴,6,15,2
2261,頌,6,18,5
2262,頑,6,21,7
2263,頒,6,24,12
2264,鳩,6,8,6
2265,僕,6,39,5
2266,僱,6,9,4
2267,嗽,6,10,9
2268,塵,6,49,37
2269,墊,6,30,15
2270,壽,6,68,53
2271,夥,6,66,37
2272,奪,6,88,30
2273,嫩,6,22,35
2274,寞,6,28,7
2275,寡,6,37,8
2276,寢,6,21,6
2277,弊,6,17,7
2278,徹,6,82,27
2279,慘,6,69,56
2280,慚,6,11,5
2281,截,6,44,40
2282,摘,6,36,45
2283,撤,6,44,35
2284,暢,6,48,17
2285,榜,6,29,19
2286,滯,6,19,12
2287,滲,6,14,20
2288,漆,6,30,18
2289,漏,6,36,33
2290,漠,6,38,56
2291,澈,6,9,9
2292,獄,6,77,41
2293,瑰,6,21,11
2294,監,6,130,79
2295,碧,6,36,16
2296,碩,6,29,15
2297,碳,6,16,187
2298,綜,6,33,20
2299,緒,6,255,69
2300,翠,6,36,20
2301,膏,6,21,17
2302,蒙,6,155,55
2303,蒜,6,13,15
2304,蓄,6,27,20
2305,蓓,6,16,2
2306,裳,6,11,2
2307,裹,6,25,8
2308,誓,6,36,16
2309,誘,6,51,25
2310,誦,6,21,14
2311,遛,6,1,2
2312,遞,6,60,30
2313,遣,6,39,15
2314,酷,6,47,32
2315,銘,6,19,46
2316,閥,6,19,5
2317,頗,6,73,8
2318,魂,6,74,16
2319,鳴,6,50,18
2320,嘮,6,6,2
2321,噁,6,9,7
2322,墳,6,22,9
2323,審,6,85,20
2324,履,6,19,12
2325,幟,6,8,4
2326,憤,6,84,12
2327,摯,6,11,4
2328,撐,6,48,49
2329,撒,6,55,54
2330,撓,6,8,3
2331,撕,6,21,18
2332,撥,6,39,22
2333,撫,6,70,20
2334,撲,6,46,23
2335,敷,6,14,9
2336,樁,6,24,5
2337,毅,6,32,32
2338,潛,6,102,61
2339,潰,6,34,12
2340,澆,6,11,34
2341,熬,6,26,22
2342,璃,6,45,35
2343,瞎,6,19,3
2344,磅,6,9,3
2345,範,6,158,146
2346,篆,6,6,1
2347,締,6,11,7
2348,緩,6,116,80
2349,緻,6,27,22
2350,蓬,6,20,17
2351,蔔,6,15,65
2352,蔣,6,72,19
2353,蔥,6,21,23
2354,褒,6,7,2
2355,誼,6,31,26
2356,賠,6,22,13
2357,賢,6,60,34
2358,賤,6,19,3
2359,賦,6,47,14
2360,踐,6,52,32
2361,輝,6,43,37
2362,遮,6,34,32
2363,銳,6,43,12
2364,霉,6,6,5
2365,颳,6,6,3
2366,駐,6,56,33
2367,駝,6,17,10
2368,魄,6,16,4
2369,魅,6,26,8
2370,魯,6,160,51
2371,魷,6,4,2
2372,鴉,6,31,13
2373,黎,6,65,47
2374,凝,6,49,44
2375,劑,6,67,121
2376,噪,6,16,21
2377,壇,6,36,10
2378,憲,6,36,22
2379,憶,6,190,102
2380,憾,6,32,18
2381,懈,6,14,7
2382,懊,6,10,4
2383,擂,6,5,1
2384,擅,6,33,10
2385,澤,6,83,37
2386,濁,6,10,18
2387,盧,6,39,35
2388,瞞,6,20,5
2389,磚,6,25,47
2390,禦,6,19,10
2391,糗,6,2,6
2392,縛,6,15,6
2393,膨,6,15,15
2394,艘,6,27,15
2395,艙,6,16,4
2396,蕩,6,43,17
2397,衡,6,103,74
2398,諷,6,35,6
2399,諾,6,163,72
2400,豫,6,33,11
2401,賴,6,127,110
2402,踴,6,2,4
2403,輯,6,80,37
2404,頸,6,39,22
2405,頻,6,57,58
2406,餛,6,2,0
2407,餡,6,9,5
2408,龜,6,39,81
2409,償,6,27,11
2410,儲,6,59,46
2411,尷,6,19,7
2412,嶼,6,11,48
2413,懇,6,24,5
2414,擬,6,56,34
2415,擱,6,20,10
2416,濫,6,23,21
2417,燥,6,22,31
2418,燦,6,17,10
2419,燭,6,23,12
2420,癌,6,65,98
2421,盪,6,33,34
2422,禪,6,68,8
2423,糙,6,11,16
2424,艱,6,39,42
2425,薑,6,16,20
2426,薯,6,20,35
2427,謠,6,20,12
2428,趨,6,52,39
2429,蹈,6,26,30
2430,邁,6,43,34
2431,鍵,6,108,63
2432,闊,6,46,21
2433,隱,6,149,47
2434,隸,6,33,5
2435,霜,6,18,30
2436,鞠,6,11,6
2437,韓,6,77,134
2438,黏,6,36,61
2439,嚮,6,14,12
2440,嬸,6,8,5
2441,檬,6,7,13
2442,檸,6,7,13
2443,濾,6,11,31
2444,瀑,6,9,5
2445,蟬,6,9,8
2446,覆,6,94,56
2447,蹤/踪,6,66,40
2448,雛,6,7,5
2449,攀,6,32,24
2450,曝,6,9,11
2451,礙,6,102,63
2452,繳,6,18,20
2453,臘,6,39,41
2454,譜,6,41,23
2455,蹲,6,24,14
2456,轎,6,30,4
2457,霧,6,55,67
2458,韻,6,18,14
2459,顛,6,29,14
2460,鵲,6,10,25
2461,龐,6,56,33
2462,懸,6,41,21
2463,攔,6,19,15
2464,獻,6,138,84
2465,癢,6,19,12
2466,籍,6,74,45
2467,耀,6,44,16
2468,蘇,6,173,119
2469,譬,6,33,112
2470,躁,6,37,13
2471,饒,6,21,8
2472,騰,6,53,27
2473,騷,6,27,4
2474,懼,6,107,28
2475,攝,6,93,136
2476,欄,6,38,13
2477,灌,6,35,69
2478,犧,6,34,25
2479,蠟,6,21,18
2480,蠢,6,35,6
2481,譽,6,44,18
2482,躍,6,57,25
2483,轟,6,38,16
2484,辯,6,59,12
2485,驅,6,52,27
2486,囉,6,28,153
2487,灑,6,31,58
2488,疊,6,36,26
2489,聾,6,11,3
2490,臟,6,76,52
2491,襲,6,59,65
2492,顫,6,35,4
2493,攪,6,17,27
2494,竊,6,29,12
2495,蘿,6,44,69
2496,釀,6,17,9
2497,籬,6,13,8
2498,蠻,6,33,151
2499,豔/艷,6,32,25
2500,鬱,6,89,21
2501,刃,7,10,3
2502,丐,7,15,5
2503,丑,7,9,5
2504,凶,7,40,5
2505,叩,7,12,6
2506,叭,7,12,7
2507,囚,7,25,5
2508,弘,7,24,10
2509,扒,7,7,2
2510,氾,7,5,8
2511,玄,7,58,82
2512,皿,7,4,4
2513,矢,7,8,2
2514,乒,7,3,2
2515,乓,7,3,2
2516,吊,7,33,26
2517,奸,7,27,1
2518,帆,7,15,16
2519,弛,7,9,1
2520,扛,7,15,15
2521,伶,7,13,8
2522,伺,7,13,2
2523,佐,7,46,7
2524,兌,7,8,6
2525,刨,7,6,3
2526,劫,7,30,20
2527,吝,7,8,5
2528,吟,7,29,5
2529,坊,7,26,17
2530,坎,7,26,16
2531,坑,7,26,22
2532,妓,7,19,5
2533,妖,7,36,2
2534,岔,7,8,4
2535,庇,7,12,14
2536,彷,7,92,23
2537,扭,7,58,20
2538,抒,7,9,5
2539,杏,7,19,17
2540,杖,7,19,7
2541,汪,7,40,8
2542,汲,7,14,11
2543,沃,7,28,15
2544,沛,7,20,18
2545,灸,7,5,3
2546,灼,7,10,2
2547,罕,7,34,25
2548,芋,7,12,26
2549,迄,7,10,2
2550,邦,7,76,37
2551,邪,7,46,9
2552,阱,7,16,8
2553,侍,7,64,5
2554,函,7,20,6
2555,卒,7,30,3
2556,卦,7,18,8
2557,卸,7,15,7
2558,呵,7,38,16
2559,呻,7,10,1
2560,咀,7,7,4
2561,咎,7,11,3
2562,咒,7,26,4
2563,咕,7,23,12
2564,坤,7,12,22
2565,坷,7,3,4
2566,姆,7,136,21
2567,帕,7,70,18
2568,帖,7,16,8
2569,弦,7,35,4
2570,弧,7,7,6
2571,彿,7,90,23
2572,征,7,61,10
2573,忿,7,12,2
2574,怯,7,16,2
2575,拘,7,23,9
2576,拙,7,16,2
2577,昂,7,40,18
2578,昆,7,30,41
2579,氓,7,7,2
2580,沼,7,10,11
2581,泊,7,16,34
2582,狐,7,51,2
2583,疙,7,3,2
2584,疚,7,14,5
2585,祀,7,17,6
2586,秉,7,13,9
2587,肢,7,33,37
2588,芭,7,36,40
2589,亭,7,29,25
2590,侶,7,27,14
2591,侷,7,8,5
2592,俄,7,63,101
2593,俐,7,11,15
2594,俘,7,18,2
2595,俠,7,58,6
2596,剎,7,17,9
2597,勃,7,50,13
2598,咽,7,15,3
2599,垢,7,7,7
2600,奕,7,20,6
2601,姦,7,10,1
2602,姪,7,13,3
2603,屎,7,14,2
2604,屏,7,29,35
2605,徊,7,7,4
2606,恤,7,9,3
2607,拭,7,9,7
2608,拯,7,16,22
2609,拱,7,37,7
2610,昧,7,18,8
2611,柏,7,156,40
2612,柵,7,8,7
2613,殃,7,5,3
2614,洩,7,35,26
2615,洶,7,12,7
2616,炫,7,12,9
2617,狡,7,12,1
2618,疤,7,13,8
2619,盈,7,34,13
2620,缸,7,23,10
2621,耶,7,130,251
2622,苔,7,8,9
2623,苛,7,14,7
2624,茁,7,5,8
2625,茉,7,9,8
2626,虹,7,17,7
2627,貞,7,34,12
2628,迪,7,134,44
2629,陋,7,18,10
2630,俯,7,21,5
2631,倖,7,19,5
2632,冥,7,19,7
2633,凋,7,6,13
2634,剖,7,17,19
2635,匪,7,24,4
2636,哩,7,48,14
2637,哺,7,17,9
2638,唆,7,5,2
2639,埃,7,49,163
2640,娟,7,5,16
2641,屑,7,17,16
2642,峭,7,9,6
2643,恕,7,19,3
2644,恥,7,29,4
2645,挪,7,17,12
2646,挾,7,10,5
2647,捆,7,11,3
2648,捏,7,25,17
2649,栗,7,9,57
2650,桑,7,60,20
2651,殷,7,24,7
2652,烊,7,2,2
2653,烘,7,11,27
2654,狸,7,18,2
2655,狽,7,7,2
2656,畔,7,13,13
2657,畜,7,17,21
2658,疹,7,12,3
2659,眨,7,22,2
2660,砥,7,3,1
2661,砲,7,22,17
2662,砸,7,16,7
2663,祟,7,8,3
2664,秤,7,6,12
2665,紊,7,7,2
2666,紐,7,84,43
2667,紓,7,10,22
2668,紗,7,19,18
2669,紡,7,14,13
2670,耘,7,5,22
2671,脊,7,26,21
2672,荊,7,29,5
2673,荔,7,9,3
2674,虔,7,14,19
2675,蚤,7,4,9
2676,訕,7,4,1
2677,豈,7,44,4
2678,酌,7,9,2
2679,陡,7,14,9
2680,偽,7,41,7
2681,兜,7,13,6
2682,凰,7,13,4
2683,勘,7,10,14
2684,匿,7,13,4
2685,啄,7,9,6
2686,婉,7,18,5
2687,屜,7,14,8
2688,屠,7,25,13
2689,崖,7,23,11
2690,崗,7,19,15
2691,巢,7,23,23
2692,彬,7,11,2
2693,徘,7,7,4
2694,恿,7,5,1
2695,悴,7,5,2
2696,悼,7,10,6
2697,惚,7,8,1
2698,掠,7,21,6
2699,敘,7,71,252
2700,敝,7,6,1
2701,斬,7,37,7
2702,桿,7,29,16
2703,梭,7,19,21
2704,涮,7,2,1
2705,涯,7,39,15
2706,淆,7,10,3
2707,淇,7,10,8
2708,淒,7,14,3
2709,淤,7,3,10
2710,淫,7,18,4
2711,淵,7,39,15
2712,烹,7,12,20
2713,猖,7,3,3
2714,疵,7,7,3
2715,痊,7,18,3
2716,痔,7,7,1
2717,眷,7,13,11
2718,眺,7,8,1
2719,窒,7,7,2
2720,紳,7,16,2
2721,絆,7,11,3
2722,聆,7,24,6
2723,舵,7,7,2
2724,莖,7,11,20
2725,莽,7,21,2
2726,覓,7,15,11
2727,訟,7,10,1
2728,訣,7,23,14
2729,豚,7,5,41
2730,赦,7,11,2
2731,趾,7,28,8
2732,逞,7,8,3
2733,酗,7,13,2
2734,傀,7,3,1
2735,傅,7,89,28
2736,傑,7,179,27
2737,傢,7,53,9
2738,唾,7,8,4
2739,喇,7,25,7
2740,喧,7,14,4
2741,喬,7,144,15
2742,堤,7,20,29
2743,媚,7,11,4
2744,徨,7,5,3
2745,揣,7,11,4
2746,敞,7,18,5
2747,敦,7,58,39
2748,棗,7,13,21
2749,棘,7,13,7
2750,棚,7,18,37
2751,棲,7,13,43
2752,棺,7,19,4
2753,渠,7,12,13
2754,渣,7,7,28
2755,渲,7,4,2
2756,湃,7,4,2
2757,溉,7,5,29
2758,焚,7,17,18
2759,琢,7,8,4
2760,甦,7,10,11
2761,窘,7,13,7
2762,筍,7,16,58
2763,絞,7,16,4
2764,絮,7,5,2
2765,腎,7,35,22
2766,腕,7,19,6
2767,菊,7,20,18
2768,菲,7,93,59
2769,萌,7,11,14
2770,萍,7,8,8
2771,萎,7,13,18
2772,蛛,7,17,11
2773,袱,7,9,3
2774,跛,7,7,2
2775,軸,7,21,15
2776,逸,7,34,17
2777,鈍,7,9,3
2778,鈕,7,15,4
2779,鈣,7,5,24
2780,韌,7,13,12
2781,飪,7,4,5
2782,傭/佣,7,19,6
2783,嗅,7,17,8
2784,嗆,7,5,4
2785,嗇,7,4,3
2786,嗚,7,31,2
2787,塘,7,21,10
2788,徬,7,5,3
2789,搓,7,14,18
2790,搗,7,14,6
2791,斟,7,8,2
2792,暇,7,13,7
2793,溢,7,19,11
2794,溯,7,16,19
2795,溺,7,15,6
2796,滔,7,17,4
2797,煌,7,15,24
2798,煥,7,15,9
2799,猾,7,8,1
2800,猿,7,6,1
2801,瑕,7,9,3
2802,瑞,7,203,111
2803,畸,7,6,3
2804,痰,7,9,2
2805,盞,7,13,4
2806,睦,7,9,3
2807,睫,7,5,2
2808,睹,7,21,9
2809,祿,7,36,13
2810,禽,7,13,20
2811,稠,7,6,10
2812,窟,7,11,31
2813,肆,7,20,13
2814,腥,7,10,10
2815,艇,7,17,7
2816,葛,7,140,17
2817,虜,7,10,2
2818,詭,7,26,3
2819,賃,7,2,1
2820,逾,7,8,2
2821,鉅,7,16,6
2822,馳,7,22,8
2823,馴,7,13,3
2824,僥,7,5,2
2825,凳,7,15,4
2826,嘉,7,81,77
2827,嘍,7,5,1
2828,嘔,7,15,4
2829,墅,7,11,3
2830,寨,7,40,44
2831,屢,7,22,6
2832,嶄,7,12,7
2833,廓,7,10,4
2834,彰,7,32,32
2835,慷,7,13,6
2836,摟,7,9,1
2837,摧,7,17,15
2838,摺,7,26,15
2839,撇,7,9,8
2840,榷,7,2,1
2841,漓,7,7,2
2842,熄,7,13,8
2843,爾,7,794,300
2844,瑣,7,14,4
2845,甄,7,14,1
2846,瘓,7,6,8
2847,瞄,7,18,5
2848,磁,7,27,20
2849,竭,7,30,12
2850,箏,7,11,3
2851,粹,7,31,13
2852,綱,7,29,8
2853,綴,7,7,3
2854,綵,7,2,1
2855,綻,7,12,5
2856,綽,7,11,4
2857,膊,7,5,1
2858,舔,7,10,1
2859,蒼,7,47,18
2860,蜘,7,13,9
2861,蝕,7,11,25
2862,裸,7,19,8
2863,誣,7,8,1
2864,誨,7,8,4
2865,輒,7,8,3
2866,遜,7,46,22
2867,鄙,7,15,1
2868,酵,7,16,56
2869,銜,7,22,7
2870,隙,7,14,14
2871,雌,7,12,16
2872,餌,7,9,4
2873,駁,7,26,7
2874,髦,7,8,3
2875,魁,7,13,5
2876,僵,7,35,13
2877,僻,7,12,9
2878,劈,7,17,3
2879,嘩,7,15,2
2880,嘯,7,12,69
2881,嘲,7,30,4
2882,嘻,7,17,7
2883,嘿,7,17,12
2884,噓,7,12,6
2885,墜,7,22,6
2886,墟,7,7,8
2887,墮,7,16,2
2888,嬉,7,11,4
2889,嬌,7,22,18
2890,慫,7,5,1
2891,慾,7,49,13
2892,憔,7,5,2
2893,憧,7,4,4
2894,憬,7,5,4
2895,撩,7,7,3
2896,撰,7,34,14
2897,暮,7,12,3
2898,槳,7,6,2
2899,槽,7,16,26
2900,樑,7,14,16
2901,歎,7,30,4
2902,毆,7,8,1
2903,潤,7,48,32
2904,潦,7,5,1
2905,潭,7,18,14
2906,澄,7,17,12
2907,澎,7,10,44
2908,獗,7,2,3
2909,瑩,7,40,3
2910,瘟,7,6,3
2911,瘡,7,17,15
2912,瘤,7,19,16
2913,瘩,7,4,2
2914,瞇,7,8,2
2915,瞌,7,5,4
2916,稿,7,57,22
2917,穀,7,38,44
2918,緝,7,7,10
2919,翩,7,9,2
2920,膜,7,32,23
2921,膝,7,46,12
2922,舖/鋪,7,70,44
2923,蔑,7,11,2
2924,蔗,7,11,16
2925,蔭,7,13,7
2926,蔽,7,16,9
2927,蝴,7,17,32
2928,蝶,7,25,47
2929,蝸,7,3,7
2930,螂,7,5,11
2931,誹,7,3,0
2932,諂,7,4,1
2933,諸,7,197,28
2934,豎,7,18,7
2935,賜,7,54,16
2936,輟,7,6,7
2937,醇,7,19,18
2938,鋁,7,6,15
2939,鞏,7,13,6
2940,餒,7,4,3
2941,憩,7,4,4
2942,撼,7,17,20
2943,橙,7,6,6
2944,橡,7,19,11
2945,澳,7,21,60
2946,燉,7,8,4
2947,穎,7,12,24
2948,窺,7,19,6
2949,篩,7,12,15
2950,罹,7,23,43
2951,蕭,7,52,19
2952,螃,7,5,3
2953,螢,7,23,68
2954,褪,7,12,5
2955,覦,7,3,1
2956,諜,7,11,1
2957,諮,7,32,8
2958,蹄,7,12,5
2959,輻,7,7,39
2960,遼,7,32,5
2961,錫,7,20,11
2962,隧,7,7,10
2963,霍,7,57,11
2964,頰,7,20,3
2965,頹,7,9,4
2966,餚,7,6,6
2967,駭,7,15,3
2968,鴛,7,7,1
2969,鴦,7,6,1
2970,儡,7,3,1
2971,嚀,7,6,9
2972,嚏,7,4,3
2973,嶺,7,30,24
2974,彌,7,54,29
2975,懦,7,9,1
2976,擎,7,20,9
2977,斃,7,12,5
2978,濛,7,8,3
2979,濤,7,13,7
2980,濱,7,19,11
2981,燴,7,2,1
2982,爵,7,100,3
2983,瞬,7,34,21
2984,矯,7,15,12
2985,礁,7,8,40
2986,篷,7,15,3
2987,糞,7,14,10
2988,繃,7,19,11
2989,翼,7,53,20
2990,聳,7,32,8
2991,膿,7,6,2
2992,蕾,7,22,12
2993,薦/荐,7,52,14
2994,蟑,7,3,10
2995,覬,7,3,1
2996,謗,7,6,1
2997,豁,7,9,6
2998,輾,7,9,8
2999,輿,7,13,6
3000,轄,7,13,3
3001,醞,7,6,3
3002,鍾,7,34,10
3003,霞,7,12,9
3004,鮪,7,4,1
3005,鮭,7,3,19
3006,齋,7,19,36
3007,叢,7,64,18
3008,壘,7,28,6
3009,擲,7,14,4
3010,朦,7,7,2
3011,濺,7,8,2
3012,瀉,7,18,5
3013,璧,7,5,2
3014,癒,7,49,20
3015,癖,7,8,1
3016,竄,7,19,6
3017,竅,7,16,8
3018,繡,7,27,9
3019,翹,7,15,11
3020,贅,7,8,1
3021,蹦,7,10,9
3022,軀,7,19,6
3023,轍,7,10,4
3024,釐,7,17,13
3025,魏,7,92,18
3026,壟,7,9,3
3027,懲,7,34,10
3028,攏,7,17,6
3029,曠,7,12,8
3030,櫥,7,13,5
3031,瀕,7,8,18
3032,瀟,7,7,2
3033,爍,7,12,3
3034,瓣,7,10,4
3035,疆,7,27,17
3036,矇,7,5,2
3037,禱,7,34,28
3038,簷,7,7,4
3039,簾,7,22,10
3040,繭,7,8,7
3041,羹,7,8,3
3042,藤,7,63,14
3043,蟹,7,17,9
3044,蠅,7,13,11
3045,襟,7,13,3
3046,譁,7,4,1
3047,譏,7,10,1
3048,蹺,7,6,4
3049,鏟,7,7,6
3050,鯨,7,11,33
3051,嚷,7,19,2
3052,嚼,7,17,9
3053,壤,7,13,90
3054,朧,7,7,1
3055,瀰,7,11,7
3056,癥,7,7,3
3057,礪,7,2,1
3058,籌,7,37,22
3059,糯,7,7,11
3060,繽,7,5,7
3061,艦,7,29,17
3062,藹,7,6,1
3063,藻,7,8,34
3064,蘆,7,27,19
3065,辮,7,9,3
3066,饋,7,23,30
3067,馨,7,19,22
3068,齣,7,12,9
3069,攜,7,26,24
3070,纏,7,42,10
3071,譴,7,10,10
3072,贓,7,6,1
3073,闢,7,14,9
3074,霸,7,60,18
3075,饗,7,3,3
3076,鶯,7,7,4
3077,鶴,7,20,8
3078,黯,7,10,2
3079,囊,7,28,15
3080,鑄,7,12,4
3081,鑑/鑒,7,44,27
3082,鬚,7,16,7
3083,籤,7,21,18
3084,纖,7,28,51
3085,邏,7,44,16
3086,髓,7,18,12
3087,鱗,7,9,3
3088,囑,7,25,2
3089,攬,7,13,4
3090,癱,7,12,9
3091,矗,7,4,4
3092,蠶,7,9,6
3093,驟,7,40,26
3094,釁,7,8,9
3095,鑲,7,14,5
3096,顱,7,8,2
3097,矚,7,7,10
3098,纜,7,6,9
3099,鑼,7,9,7
3100,籲,7,10,34
